"","year","race","number","income_quintile","income_share"
"1",2019,"All Races",128451000,"Lowest",3.1
"2",2019,"All Races",128451000,"Second",8.3
"3",2019,"All Races",128451000,"Third",14.1
"4",2019,"All Races",128451000,"Fourth",22.7
"5",2019,"All Races",128451000,"Highest",51.9
"6",2019,"All Races",128451000,"Top 5%",23
"7",2018,"All Races",128579000,"Lowest",3.1
"8",2018,"All Races",128579000,"Second",8.3
"9",2018,"All Races",128579000,"Third",14.1
"10",2018,"All Races",128579000,"Fourth",22.6
"11",2018,"All Races",128579000,"Highest",52
"12",2018,"All Races",128579000,"Top 5%",23.1
"13",2017,"All Races",127586000,"Lowest",3.1
"14",2017,"All Races",127586000,"Second",8.2
"15",2017,"All Races",127586000,"Third",14.3
"16",2017,"All Races",127586000,"Fourth",23
"17",2017,"All Races",127586000,"Highest",51.5
"18",2017,"All Races",127586000,"Top 5%",22.3
"19",2016,"All Races",126224000,"Lowest",3.1
"20",2016,"All Races",126224000,"Second",8.3
"21",2016,"All Races",126224000,"Third",14.2
"22",2016,"All Races",126224000,"Fourth",22.9
"23",2016,"All Races",126224000,"Highest",51.5
"24",2016,"All Races",126224000,"Top 5%",22.6
"25",2015,"All Races",125819000,"Lowest",3.1
"26",2015,"All Races",125819000,"Second",8.2
"27",2015,"All Races",125819000,"Third",14.3
"28",2015,"All Races",125819000,"Fourth",23.2
"29",2015,"All Races",125819000,"Highest",51.1
"30",2015,"All Races",125819000,"Top 5%",22.1
"31",2014,"All Races",124587000,"Lowest",3.1
"32",2014,"All Races",124587000,"Second",8.2
"33",2014,"All Races",124587000,"Third",14.3
"34",2014,"All Races",124587000,"Fourth",23.2
"35",2014,"All Races",124587000,"Highest",51.2
"36",2014,"All Races",124587000,"Top 5%",21.9
"37",2013,"All Races",123931000,"Lowest",3.1
"38",2013,"All Races",123931000,"Second",8.2
"39",2013,"All Races",123931000,"Third",14.3
"40",2013,"All Races",123931000,"Fourth",23
"41",2013,"All Races",123931000,"Highest",51.4
"42",2013,"All Races",123931000,"Top 5%",22.2
"43",2012,"All Races",122459000,"Lowest",3.2
"44",2012,"All Races",122459000,"Second",8.3
"45",2012,"All Races",122459000,"Third",14.4
"46",2012,"All Races",122459000,"Fourth",23
"47",2012,"All Races",122459000,"Highest",51
"48",2012,"All Races",122459000,"Top 5%",22.3
"49",2011,"All Races",121084000,"Lowest",3.2
"50",2011,"All Races",121084000,"Second",8.4
"51",2011,"All Races",121084000,"Third",14.3
"52",2011,"All Races",121084000,"Fourth",23
"53",2011,"All Races",121084000,"Highest",51.1
"54",2011,"All Races",121084000,"Top 5%",22.3
"55",2010,"All Races",119927000,"Lowest",3.3
"56",2010,"All Races",119927000,"Second",8.5
"57",2010,"All Races",119927000,"Third",14.6
"58",2010,"All Races",119927000,"Fourth",23.4
"59",2010,"All Races",119927000,"Highest",50.3
"60",2010,"All Races",119927000,"Top 5%",21.3
"61",2009,"All Races",117538000,"Lowest",3.4
"62",2009,"All Races",117538000,"Second",8.6
"63",2009,"All Races",117538000,"Third",14.6
"64",2009,"All Races",117538000,"Fourth",23.2
"65",2009,"All Races",117538000,"Highest",50.3
"66",2009,"All Races",117538000,"Top 5%",21.7
"67",2008,"All Races",117181000,"Lowest",3.4
"68",2008,"All Races",117181000,"Second",8.6
"69",2008,"All Races",117181000,"Third",14.7
"70",2008,"All Races",117181000,"Fourth",23.3
"71",2008,"All Races",117181000,"Highest",50
"72",2008,"All Races",117181000,"Top 5%",21.5
"73",2007,"All Races",116783000,"Lowest",3.4
"74",2007,"All Races",116783000,"Second",8.7
"75",2007,"All Races",116783000,"Third",14.8
"76",2007,"All Races",116783000,"Fourth",23.4
"77",2007,"All Races",116783000,"Highest",49.7
"78",2007,"All Races",116783000,"Top 5%",21.2
"79",2006,"All Races",116011000,"Lowest",3.4
"80",2006,"All Races",116011000,"Second",8.6
"81",2006,"All Races",116011000,"Third",14.5
"82",2006,"All Races",116011000,"Fourth",22.9
"83",2006,"All Races",116011000,"Highest",50.5
"84",2006,"All Races",116011000,"Top 5%",22.3
"85",2005,"All Races",114384000,"Lowest",3.4
"86",2005,"All Races",114384000,"Second",8.6
"87",2005,"All Races",114384000,"Third",14.6
"88",2005,"All Races",114384000,"Fourth",23
"89",2005,"All Races",114384000,"Highest",50.4
"90",2005,"All Races",114384000,"Top 5%",22.2
"91",2004,"All Races",113343000,"Lowest",3.4
"92",2004,"All Races",113343000,"Second",8.7
"93",2004,"All Races",113343000,"Third",14.7
"94",2004,"All Races",113343000,"Fourth",23.2
"95",2004,"All Races",113343000,"Highest",50.1
"96",2004,"All Races",113343000,"Top 5%",21.8
"97",2003,"All Races",1.12e+08,"Lowest",3.4
"98",2003,"All Races",1.12e+08,"Second",8.7
"99",2003,"All Races",1.12e+08,"Third",14.8
"100",2003,"All Races",1.12e+08,"Fourth",23.4
"101",2003,"All Races",1.12e+08,"Highest",49.8
"102",2003,"All Races",1.12e+08,"Top 5%",21.4
"103",2002,"All Races",111278000,"Lowest",3.5
"104",2002,"All Races",111278000,"Second",8.8
"105",2002,"All Races",111278000,"Third",14.8
"106",2002,"All Races",111278000,"Fourth",23.3
"107",2002,"All Races",111278000,"Highest",49.7
"108",2002,"All Races",111278000,"Top 5%",21.7
"109",2001,"All Races",109297000,"Lowest",3.5
"110",2001,"All Races",109297000,"Second",8.7
"111",2001,"All Races",109297000,"Third",14.6
"112",2001,"All Races",109297000,"Fourth",23
"113",2001,"All Races",109297000,"Highest",50.1
"114",2001,"All Races",109297000,"Top 5%",22.4
"115",2000,"All Races",108209000,"Lowest",3.6
"116",2000,"All Races",108209000,"Second",8.9
"117",2000,"All Races",108209000,"Third",14.8
"118",2000,"All Races",108209000,"Fourth",23
"119",2000,"All Races",108209000,"Highest",49.8
"120",2000,"All Races",108209000,"Top 5%",22.1
"121",1999,"All Races",106434000,"Lowest",3.6
"122",1999,"All Races",106434000,"Second",8.9
"123",1999,"All Races",106434000,"Third",14.9
"124",1999,"All Races",106434000,"Fourth",23.2
"125",1999,"All Races",106434000,"Highest",49.4
"126",1999,"All Races",106434000,"Top 5%",21.5
"127",1998,"All Races",103874000,"Lowest",3.6
"128",1998,"All Races",103874000,"Second",9
"129",1998,"All Races",103874000,"Third",15
"130",1998,"All Races",103874000,"Fourth",23.2
"131",1998,"All Races",103874000,"Highest",49.2
"132",1998,"All Races",103874000,"Top 5%",21.4
"133",1997,"All Races",102528000,"Lowest",3.6
"134",1997,"All Races",102528000,"Second",8.9
"135",1997,"All Races",102528000,"Third",15
"136",1997,"All Races",102528000,"Fourth",23.2
"137",1997,"All Races",102528000,"Highest",49.4
"138",1997,"All Races",102528000,"Top 5%",21.7
"139",1996,"All Races",101018000,"Lowest",3.6
"140",1996,"All Races",101018000,"Second",9
"141",1996,"All Races",101018000,"Third",15.1
"142",1996,"All Races",101018000,"Fourth",23.3
"143",1996,"All Races",101018000,"Highest",49
"144",1996,"All Races",101018000,"Top 5%",21.4
"145",1995,"All Races",99627000,"Lowest",3.7
"146",1995,"All Races",99627000,"Second",9.1
"147",1995,"All Races",99627000,"Third",15.2
"148",1995,"All Races",99627000,"Fourth",23.3
"149",1995,"All Races",99627000,"Highest",48.7
"150",1995,"All Races",99627000,"Top 5%",21
"151",1994,"All Races",98990000,"Lowest",3.6
"152",1994,"All Races",98990000,"Second",8.9
"153",1994,"All Races",98990000,"Third",15
"154",1994,"All Races",98990000,"Fourth",23.4
"155",1994,"All Races",98990000,"Highest",49.1
"156",1994,"All Races",98990000,"Top 5%",21.2
"157",1993,"All Races",97107000,"Lowest",3.6
"158",1993,"All Races",97107000,"Second",9
"159",1993,"All Races",97107000,"Third",15.1
"160",1993,"All Races",97107000,"Fourth",23.5
"161",1993,"All Races",97107000,"Highest",48.9
"162",1993,"All Races",97107000,"Top 5%",21
"163",1992,"All Races",96426000,"Lowest",3.8
"164",1992,"All Races",96426000,"Second",9.4
"165",1992,"All Races",96426000,"Third",15.8
"166",1992,"All Races",96426000,"Fourth",24.2
"167",1992,"All Races",96426000,"Highest",46.9
"168",1992,"All Races",96426000,"Top 5%",18.6
"169",1991,"All Races",95669000,"Lowest",3.8
"170",1991,"All Races",95669000,"Second",9.6
"171",1991,"All Races",95669000,"Third",15.9
"172",1991,"All Races",95669000,"Fourth",24.2
"173",1991,"All Races",95669000,"Highest",46.5
"174",1991,"All Races",95669000,"Top 5%",18.1
"175",1990,"All Races",94312000,"Lowest",3.8
"176",1990,"All Races",94312000,"Second",9.6
"177",1990,"All Races",94312000,"Third",15.9
"178",1990,"All Races",94312000,"Fourth",24
"179",1990,"All Races",94312000,"Highest",46.6
"180",1990,"All Races",94312000,"Top 5%",18.5
"181",1989,"All Races",93347000,"Lowest",3.8
"182",1989,"All Races",93347000,"Second",9.5
"183",1989,"All Races",93347000,"Third",15.8
"184",1989,"All Races",93347000,"Fourth",24
"185",1989,"All Races",93347000,"Highest",46.8
"186",1989,"All Races",93347000,"Top 5%",18.9
"187",1988,"All Races",92830000,"Lowest",3.8
"188",1988,"All Races",92830000,"Second",9.6
"189",1988,"All Races",92830000,"Third",16
"190",1988,"All Races",92830000,"Fourth",24.2
"191",1988,"All Races",92830000,"Highest",46.3
"192",1988,"All Races",92830000,"Top 5%",18.3
"193",1987,"All Races",91124000,"Lowest",3.8
"194",1987,"All Races",91124000,"Second",9.6
"195",1987,"All Races",91124000,"Third",16.1
"196",1987,"All Races",91124000,"Fourth",24.3
"197",1987,"All Races",91124000,"Highest",46.2
"198",1987,"All Races",91124000,"Top 5%",18.2
"199",1986,"All Races",89479000,"Lowest",3.8
"200",1986,"All Races",89479000,"Second",9.7
"201",1986,"All Races",89479000,"Third",16.2
"202",1986,"All Races",89479000,"Fourth",24.3
"203",1986,"All Races",89479000,"Highest",46.1
"204",1986,"All Races",89479000,"Top 5%",18
"205",1985,"All Races",88458000,"Lowest",3.9
"206",1985,"All Races",88458000,"Second",9.8
"207",1985,"All Races",88458000,"Third",16.2
"208",1985,"All Races",88458000,"Fourth",24.4
"209",1985,"All Races",88458000,"Highest",45.6
"210",1985,"All Races",88458000,"Top 5%",17.6
"211",1984,"All Races",86789000,"Lowest",4
"212",1984,"All Races",86789000,"Second",9.9
"213",1984,"All Races",86789000,"Third",16.3
"214",1984,"All Races",86789000,"Fourth",24.6
"215",1984,"All Races",86789000,"Highest",45.2
"216",1984,"All Races",86789000,"Top 5%",17.1
"217",1983,"All Races",85407000,"Lowest",4
"218",1983,"All Races",85407000,"Second",9.9
"219",1983,"All Races",85407000,"Third",16.4
"220",1983,"All Races",85407000,"Fourth",24.6
"221",1983,"All Races",85407000,"Highest",45.1
"222",1983,"All Races",85407000,"Top 5%",17
"223",1982,"All Races",83918000,"Lowest",4
"224",1982,"All Races",83918000,"Second",10
"225",1982,"All Races",83918000,"Third",16.5
"226",1982,"All Races",83918000,"Fourth",24.5
"227",1982,"All Races",83918000,"Highest",45
"228",1982,"All Races",83918000,"Top 5%",17
"229",1981,"All Races",83527000,"Lowest",4.1
"230",1981,"All Races",83527000,"Second",10.1
"231",1981,"All Races",83527000,"Third",16.7
"232",1981,"All Races",83527000,"Fourth",24.8
"233",1981,"All Races",83527000,"Highest",44.3
"234",1981,"All Races",83527000,"Top 5%",16.5
"235",1980,"All Races",82368000,"Lowest",4.2
"236",1980,"All Races",82368000,"Second",10.2
"237",1980,"All Races",82368000,"Third",16.8
"238",1980,"All Races",82368000,"Fourth",24.7
"239",1980,"All Races",82368000,"Highest",44.1
"240",1980,"All Races",82368000,"Top 5%",16.5
"241",1979,"All Races",80776000,"Lowest",4.1
"242",1979,"All Races",80776000,"Second",10.2
"243",1979,"All Races",80776000,"Third",16.8
"244",1979,"All Races",80776000,"Fourth",24.6
"245",1979,"All Races",80776000,"Highest",44.2
"246",1979,"All Races",80776000,"Top 5%",16.9
"247",1978,"All Races",77330000,"Lowest",4.2
"248",1978,"All Races",77330000,"Second",10.2
"249",1978,"All Races",77330000,"Third",16.8
"250",1978,"All Races",77330000,"Fourth",24.7
"251",1978,"All Races",77330000,"Highest",44.1
"252",1978,"All Races",77330000,"Top 5%",16.8
"253",1977,"All Races",76030000,"Lowest",4.2
"254",1977,"All Races",76030000,"Second",10.2
"255",1977,"All Races",76030000,"Third",16.9
"256",1977,"All Races",76030000,"Fourth",24.7
"257",1977,"All Races",76030000,"Highest",44
"258",1977,"All Races",76030000,"Top 5%",16.8
"259",1976,"All Races",74142000,"Lowest",4.3
"260",1976,"All Races",74142000,"Second",10.3
"261",1976,"All Races",74142000,"Third",17
"262",1976,"All Races",74142000,"Fourth",24.7
"263",1976,"All Races",74142000,"Highest",43.7
"264",1976,"All Races",74142000,"Top 5%",16.6
"265",1975,"All Races",72867000,"Lowest",4.3
"266",1975,"All Races",72867000,"Second",10.4
"267",1975,"All Races",72867000,"Third",17
"268",1975,"All Races",72867000,"Fourth",24.7
"269",1975,"All Races",72867000,"Highest",43.6
"270",1975,"All Races",72867000,"Top 5%",16.5
"271",1974,"All Races",71163000,"Lowest",4.3
"272",1974,"All Races",71163000,"Second",10.6
"273",1974,"All Races",71163000,"Third",17
"274",1974,"All Races",71163000,"Fourth",24.6
"275",1974,"All Races",71163000,"Highest",43.5
"276",1974,"All Races",71163000,"Top 5%",16.5
"277",1973,"All Races",69859000,"Lowest",4.2
"278",1973,"All Races",69859000,"Second",10.4
"279",1973,"All Races",69859000,"Third",17
"280",1973,"All Races",69859000,"Fourth",24.5
"281",1973,"All Races",69859000,"Highest",43.9
"282",1973,"All Races",69859000,"Top 5%",16.9
"283",1972,"All Races",68251000,"Lowest",4.1
"284",1972,"All Races",68251000,"Second",10.4
"285",1972,"All Races",68251000,"Third",17
"286",1972,"All Races",68251000,"Fourth",24.5
"287",1972,"All Races",68251000,"Highest",43.9
"288",1972,"All Races",68251000,"Top 5%",17
"289",1971,"All Races",66676000,"Lowest",4.1
"290",1971,"All Races",66676000,"Second",10.6
"291",1971,"All Races",66676000,"Third",17.3
"292",1971,"All Races",66676000,"Fourth",24.5
"293",1971,"All Races",66676000,"Highest",43.5
"294",1971,"All Races",66676000,"Top 5%",16.7
"295",1970,"All Races",64778000,"Lowest",4.1
"296",1970,"All Races",64778000,"Second",10.8
"297",1970,"All Races",64778000,"Third",17.4
"298",1970,"All Races",64778000,"Fourth",24.5
"299",1970,"All Races",64778000,"Highest",43.3
"300",1970,"All Races",64778000,"Top 5%",16.6
"301",1969,"All Races",63401000,"Lowest",4.1
"302",1969,"All Races",63401000,"Second",10.9
"303",1969,"All Races",63401000,"Third",17.5
"304",1969,"All Races",63401000,"Fourth",24.5
"305",1969,"All Races",63401000,"Highest",43
"306",1969,"All Races",63401000,"Top 5%",16.6
"307",1968,"All Races",62214000,"Lowest",4.2
"308",1968,"All Races",62214000,"Second",11.1
"309",1968,"All Races",62214000,"Third",17.6
"310",1968,"All Races",62214000,"Fourth",24.5
"311",1968,"All Races",62214000,"Highest",42.6
"312",1968,"All Races",62214000,"Top 5%",16.3
"313",1967,"All Races",60813000,"Lowest",4
"314",1967,"All Races",60813000,"Second",10.8
"315",1967,"All Races",60813000,"Third",17.3
"316",1967,"All Races",60813000,"Fourth",24.2
"317",1967,"All Races",60813000,"Highest",43.6
"318",1967,"All Races",60813000,"Top 5%",17.2
"319",2019,"Asian Alone or in Combination",7334000,"Lowest",3.2
"320",2019,"Asian Alone or in Combination",7334000,"Second",8.8
"321",2019,"Asian Alone or in Combination",7334000,"Third",14.8
"322",2019,"Asian Alone or in Combination",7334000,"Fourth",23.1
"323",2019,"Asian Alone or in Combination",7334000,"Highest",50
"324",2019,"Asian Alone or in Combination",7334000,"Top 5%",21.6
"325",2018,"Asian Alone or in Combination",7416000,"Lowest",2.8
"326",2018,"Asian Alone or in Combination",7416000,"Second",8.5
"327",2018,"Asian Alone or in Combination",7416000,"Third",14.6
"328",2018,"Asian Alone or in Combination",7416000,"Fourth",23.1
"329",2018,"Asian Alone or in Combination",7416000,"Highest",51
"330",2018,"Asian Alone or in Combination",7416000,"Top 5%",21.8
"331",2017,"Asian Alone or in Combination",7114000,"Lowest",2.7
"332",2017,"Asian Alone or in Combination",7114000,"Second",8.4
"333",2017,"Asian Alone or in Combination",7114000,"Third",14.4
"334",2017,"Asian Alone or in Combination",7114000,"Fourth",23.3
"335",2017,"Asian Alone or in Combination",7114000,"Highest",51.2
"336",2017,"Asian Alone or in Combination",7114000,"Top 5%",22.1
"337",2016,"Asian Alone or in Combination",6750000,"Lowest",3
"338",2016,"Asian Alone or in Combination",6750000,"Second",8.9
"339",2016,"Asian Alone or in Combination",6750000,"Third",15.2
"340",2016,"Asian Alone or in Combination",6750000,"Fourth",24
"341",2016,"Asian Alone or in Combination",6750000,"Highest",48.9
"342",2016,"Asian Alone or in Combination",6750000,"Top 5%",20.3
"343",2015,"Asian Alone or in Combination",6640000,"Lowest",2.7
"344",2015,"Asian Alone or in Combination",6640000,"Second",8.5
"345",2015,"Asian Alone or in Combination",6640000,"Third",14.7
"346",2015,"Asian Alone or in Combination",6640000,"Fourth",23.6
"347",2015,"Asian Alone or in Combination",6640000,"Highest",50.6
"348",2015,"Asian Alone or in Combination",6640000,"Top 5%",21.8
"349",2014,"Asian Alone or in Combination",6333000,"Lowest",2.9
"350",2014,"Asian Alone or in Combination",6333000,"Second",8.7
"351",2014,"Asian Alone or in Combination",6333000,"Third",15.2
"352",2014,"Asian Alone or in Combination",6333000,"Fourth",24.1
"353",2014,"Asian Alone or in Combination",6333000,"Highest",49
"354",2014,"Asian Alone or in Combination",6333000,"Top 5%",20.5
"355",2013,"Asian Alone or in Combination",6160000,"Lowest",2.7
"356",2013,"Asian Alone or in Combination",6160000,"Second",8.5
"357",2013,"Asian Alone or in Combination",6160000,"Third",14.5
"358",2013,"Asian Alone or in Combination",6160000,"Fourth",22.6
"359",2013,"Asian Alone or in Combination",6160000,"Highest",51.7
"360",2013,"Asian Alone or in Combination",6160000,"Top 5%",23.4
"361",2012,"Asian Alone or in Combination",5872000,"Lowest",3
"362",2012,"Asian Alone or in Combination",5872000,"Second",8.9
"363",2012,"Asian Alone or in Combination",5872000,"Third",14.9
"364",2012,"Asian Alone or in Combination",5872000,"Fourth",23.6
"365",2012,"Asian Alone or in Combination",5872000,"Highest",49.6
"366",2012,"Asian Alone or in Combination",5872000,"Top 5%",20.8
"367",2011,"Asian Alone or in Combination",5705000,"Lowest",3
"368",2011,"Asian Alone or in Combination",5705000,"Second",8.7
"369",2011,"Asian Alone or in Combination",5705000,"Third",15.1
"370",2011,"Asian Alone or in Combination",5705000,"Fourth",23.5
"371",2011,"Asian Alone or in Combination",5705000,"Highest",49.7
"372",2011,"Asian Alone or in Combination",5705000,"Top 5%",21.4
"373",2010,"Asian Alone or in Combination",5550000,"Lowest",3
"374",2010,"Asian Alone or in Combination",5550000,"Second",8.9
"375",2010,"Asian Alone or in Combination",5550000,"Third",15.3
"376",2010,"Asian Alone or in Combination",5550000,"Fourth",24.5
"377",2010,"Asian Alone or in Combination",5550000,"Highest",48.3
"378",2010,"Asian Alone or in Combination",5550000,"Top 5%",19
"379",2009,"Asian Alone or in Combination",4940000,"Lowest",2.7
"380",2009,"Asian Alone or in Combination",4940000,"Second",8.2
"381",2009,"Asian Alone or in Combination",4940000,"Third",14.4
"382",2009,"Asian Alone or in Combination",4940000,"Fourth",23
"383",2009,"Asian Alone or in Combination",4940000,"Highest",51.6
"384",2009,"Asian Alone or in Combination",4940000,"Top 5%",23.5
"385",2008,"Asian Alone or in Combination",4805000,"Lowest",2.9
"386",2008,"Asian Alone or in Combination",4805000,"Second",8.6
"387",2008,"Asian Alone or in Combination",4805000,"Third",15.1
"388",2008,"Asian Alone or in Combination",4805000,"Fourth",24.1
"389",2008,"Asian Alone or in Combination",4805000,"Highest",49.3
"390",2008,"Asian Alone or in Combination",4805000,"Top 5%",21
"391",2007,"Asian Alone or in Combination",4715000,"Lowest",3.1
"392",2007,"Asian Alone or in Combination",4715000,"Second",9.2
"393",2007,"Asian Alone or in Combination",4715000,"Third",15.6
"394",2007,"Asian Alone or in Combination",4715000,"Fourth",24
"395",2007,"Asian Alone or in Combination",4715000,"Highest",48
"396",2007,"Asian Alone or in Combination",4715000,"Top 5%",20
"397",2006,"Asian Alone or in Combination",4664000,"Lowest",3.2
"398",2006,"Asian Alone or in Combination",4664000,"Second",8.8
"399",2006,"Asian Alone or in Combination",4664000,"Third",14.7
"400",2006,"Asian Alone or in Combination",4664000,"Fourth",23
"401",2006,"Asian Alone or in Combination",4664000,"Highest",50.3
"402",2006,"Asian Alone or in Combination",4664000,"Top 5%",23.5
"403",2005,"Asian Alone or in Combination",4500000,"Lowest",2.9
"404",2005,"Asian Alone or in Combination",4500000,"Second",9.2
"405",2005,"Asian Alone or in Combination",4500000,"Third",15.3
"406",2005,"Asian Alone or in Combination",4500000,"Fourth",23.7
"407",2005,"Asian Alone or in Combination",4500000,"Highest",48.9
"408",2005,"Asian Alone or in Combination",4500000,"Top 5%",20.3
"409",2004,"Asian Alone or in Combination",4346000,"Lowest",3.2
"410",2004,"Asian Alone or in Combination",4346000,"Second",9.2
"411",2004,"Asian Alone or in Combination",4346000,"Third",15.1
"412",2004,"Asian Alone or in Combination",4346000,"Fourth",23.3
"413",2004,"Asian Alone or in Combination",4346000,"Highest",49.2
"414",2004,"Asian Alone or in Combination",4346000,"Top 5%",21.5
"415",2003,"Asian Alone or in Combination",4235000,"Lowest",2.7
"416",2003,"Asian Alone or in Combination",4235000,"Second",9.1
"417",2003,"Asian Alone or in Combination",4235000,"Third",15.9
"418",2003,"Asian Alone or in Combination",4235000,"Fourth",24.6
"419",2003,"Asian Alone or in Combination",4235000,"Highest",47.8
"420",2003,"Asian Alone or in Combination",4235000,"Top 5%",18.9
"421",2002,"Asian Alone or in Combination",4079000,"Lowest",3.3
"422",2002,"Asian Alone or in Combination",4079000,"Second",9.1
"423",2002,"Asian Alone or in Combination",4079000,"Third",15.2
"424",2002,"Asian Alone or in Combination",4079000,"Fourth",23.8
"425",2002,"Asian Alone or in Combination",4079000,"Highest",48.6
"426",2002,"Asian Alone or in Combination",4079000,"Top 5%",20.6
"427",2019,"Asian Alone",6853000,"Lowest",3.1
"428",2019,"Asian Alone",6853000,"Second",8.8
"429",2019,"Asian Alone",6853000,"Third",14.8
"430",2019,"Asian Alone",6853000,"Fourth",23.1
"431",2019,"Asian Alone",6853000,"Highest",50.2
"432",2019,"Asian Alone",6853000,"Top 5%",21.7
"433",2018,"Asian Alone",6981000,"Lowest",2.7
"434",2018,"Asian Alone",6981000,"Second",8.4
"435",2018,"Asian Alone",6981000,"Third",14.6
"436",2018,"Asian Alone",6981000,"Fourth",23.1
"437",2018,"Asian Alone",6981000,"Highest",51.1
"438",2018,"Asian Alone",6981000,"Top 5%",22
"439",2017,"Asian Alone",6735000,"Lowest",2.7
"440",2017,"Asian Alone",6735000,"Second",8.5
"441",2017,"Asian Alone",6735000,"Third",14.4
"442",2017,"Asian Alone",6735000,"Fourth",23.4
"443",2017,"Asian Alone",6735000,"Highest",51
"444",2017,"Asian Alone",6735000,"Top 5%",22
"445",2016,"Asian Alone",6392000,"Lowest",3
"446",2016,"Asian Alone",6392000,"Second",9
"447",2016,"Asian Alone",6392000,"Third",15.2
"448",2016,"Asian Alone",6392000,"Fourth",24
"449",2016,"Asian Alone",6392000,"Highest",48.9
"450",2016,"Asian Alone",6392000,"Top 5%",20.4
"451",2015,"Asian Alone",6328000,"Lowest",2.7
"452",2015,"Asian Alone",6328000,"Second",8.6
"453",2015,"Asian Alone",6328000,"Third",14.8
"454",2015,"Asian Alone",6328000,"Fourth",23.6
"455",2015,"Asian Alone",6328000,"Highest",50.3
"456",2015,"Asian Alone",6328000,"Top 5%",21.5
"457",2014,"Asian Alone",6040000,"Lowest",2.9
"458",2014,"Asian Alone",6040000,"Second",8.6
"459",2014,"Asian Alone",6040000,"Third",15.3
"460",2014,"Asian Alone",6040000,"Fourth",24.3
"461",2014,"Asian Alone",6040000,"Highest",48.9
"462",2014,"Asian Alone",6040000,"Top 5%",20.2
"463",2013,"Asian Alone",5818000,"Lowest",2.7
"464",2013,"Asian Alone",5818000,"Second",8.6
"465",2013,"Asian Alone",5818000,"Third",14.5
"466",2013,"Asian Alone",5818000,"Fourth",22.7
"467",2013,"Asian Alone",5818000,"Highest",51.6
"468",2013,"Asian Alone",5818000,"Top 5%",23.2
"469",2012,"Asian Alone",5560000,"Lowest",3
"470",2012,"Asian Alone",5560000,"Second",8.9
"471",2012,"Asian Alone",5560000,"Third",15
"472",2012,"Asian Alone",5560000,"Fourth",23.7
"473",2012,"Asian Alone",5560000,"Highest",49.4
"474",2012,"Asian Alone",5560000,"Top 5%",20.5
"475",2011,"Asian Alone",5374000,"Lowest",3
"476",2011,"Asian Alone",5374000,"Second",8.8
"477",2011,"Asian Alone",5374000,"Third",15.2
"478",2011,"Asian Alone",5374000,"Fourth",23.5
"479",2011,"Asian Alone",5374000,"Highest",49.5
"480",2011,"Asian Alone",5374000,"Top 5%",21.4
"481",2010,"Asian Alone",5212000,"Lowest",2.9
"482",2010,"Asian Alone",5212000,"Second",8.9
"483",2010,"Asian Alone",5212000,"Third",15.3
"484",2010,"Asian Alone",5212000,"Fourth",24.6
"485",2010,"Asian Alone",5212000,"Highest",48.3
"486",2010,"Asian Alone",5212000,"Top 5%",19
"487",2009,"Asian Alone",4687000,"Lowest",2.7
"488",2009,"Asian Alone",4687000,"Second",8.2
"489",2009,"Asian Alone",4687000,"Third",14.4
"490",2009,"Asian Alone",4687000,"Fourth",23
"491",2009,"Asian Alone",4687000,"Highest",51.6
"492",2009,"Asian Alone",4687000,"Top 5%",23.7
"493",2008,"Asian Alone",4573000,"Lowest",2.9
"494",2008,"Asian Alone",4573000,"Second",8.6
"495",2008,"Asian Alone",4573000,"Third",15.2
"496",2008,"Asian Alone",4573000,"Fourth",24.2
"497",2008,"Asian Alone",4573000,"Highest",49.2
"498",2008,"Asian Alone",4573000,"Top 5%",20.8
"499",2007,"Asian Alone",4494000,"Lowest",3.1
"500",2007,"Asian Alone",4494000,"Second",9.2
"501",2007,"Asian Alone",4494000,"Third",15.6
"502",2007,"Asian Alone",4494000,"Fourth",23.9
"503",2007,"Asian Alone",4494000,"Highest",48.1
"504",2007,"Asian Alone",4494000,"Top 5%",20.2
"505",2006,"Asian Alone",4454000,"Lowest",3.1
"506",2006,"Asian Alone",4454000,"Second",8.7
"507",2006,"Asian Alone",4454000,"Third",14.6
"508",2006,"Asian Alone",4454000,"Fourth",22.9
"509",2006,"Asian Alone",4454000,"Highest",50.7
"510",2006,"Asian Alone",4454000,"Top 5%",23.7
"511",2005,"Asian Alone",4273000,"Lowest",2.9
"512",2005,"Asian Alone",4273000,"Second",9.2
"513",2005,"Asian Alone",4273000,"Third",15.3
"514",2005,"Asian Alone",4273000,"Fourth",23.7
"515",2005,"Asian Alone",4273000,"Highest",48.9
"516",2005,"Asian Alone",4273000,"Top 5%",20.2
"517",2004,"Asian Alone",4123000,"Lowest",3.2
"518",2004,"Asian Alone",4123000,"Second",9.1
"519",2004,"Asian Alone",4123000,"Third",15.1
"520",2004,"Asian Alone",4123000,"Fourth",23.4
"521",2004,"Asian Alone",4123000,"Highest",49.2
"522",2004,"Asian Alone",4123000,"Top 5%",21.5
"523",2003,"Asian Alone",4040000,"Lowest",2.7
"524",2003,"Asian Alone",4040000,"Second",9
"525",2003,"Asian Alone",4040000,"Third",15.9
"526",2003,"Asian Alone",4040000,"Fourth",24.5
"527",2003,"Asian Alone",4040000,"Highest",47.9
"528",2003,"Asian Alone",4040000,"Top 5%",19
"529",2002,"Asian Alone",3917000,"Lowest",3.3
"530",2002,"Asian Alone",3917000,"Second",9.1
"531",2002,"Asian Alone",3917000,"Third",15.2
"532",2002,"Asian Alone",3917000,"Fourth",23.7
"533",2002,"Asian Alone",3917000,"Highest",48.8
"534",2002,"Asian Alone",3917000,"Top 5%",20.8
"535",2019,"Black Alone or in Combination",18055000,"Lowest",2.6
"536",2019,"Black Alone or in Combination",18055000,"Second",7.7
"537",2019,"Black Alone or in Combination",18055000,"Third",13.5
"538",2019,"Black Alone or in Combination",18055000,"Fourth",22.5
"539",2019,"Black Alone or in Combination",18055000,"Highest",53.7
"540",2019,"Black Alone or in Combination",18055000,"Top 5%",24
"541",2018,"Black Alone or in Combination",18095000,"Lowest",2.6
"542",2018,"Black Alone or in Combination",18095000,"Second",7.9
"543",2018,"Black Alone or in Combination",18095000,"Third",14.1
"544",2018,"Black Alone or in Combination",18095000,"Fourth",23.2
"545",2018,"Black Alone or in Combination",18095000,"Highest",52.2
"546",2018,"Black Alone or in Combination",18095000,"Top 5%",21.5
"547",2017,"Black Alone or in Combination",17801000,"Lowest",2.6
"548",2017,"Black Alone or in Combination",17801000,"Second",7.8
"549",2017,"Black Alone or in Combination",17801000,"Third",13.8
"550",2017,"Black Alone or in Combination",17801000,"Fourth",23.2
"551",2017,"Black Alone or in Combination",17801000,"Highest",52.6
"552",2017,"Black Alone or in Combination",17801000,"Top 5%",22.8
"553",2016,"Black Alone or in Combination",17505000,"Lowest",2.6
"554",2016,"Black Alone or in Combination",17505000,"Second",7.7
"555",2016,"Black Alone or in Combination",17505000,"Third",13.7
"556",2016,"Black Alone or in Combination",17505000,"Fourth",22.7
"557",2016,"Black Alone or in Combination",17505000,"Highest",53.4
"558",2016,"Black Alone or in Combination",17505000,"Top 5%",24.2
"559",2015,"Black Alone or in Combination",17322000,"Lowest",2.6
"560",2015,"Black Alone or in Combination",17322000,"Second",7.6
"561",2015,"Black Alone or in Combination",17322000,"Third",13.7
"562",2015,"Black Alone or in Combination",17322000,"Fourth",23
"563",2015,"Black Alone or in Combination",17322000,"Highest",53.2
"564",2015,"Black Alone or in Combination",17322000,"Top 5%",23.4
"565",2014,"Black Alone or in Combination",17198000,"Lowest",2.6
"566",2014,"Black Alone or in Combination",17198000,"Second",7.8
"567",2014,"Black Alone or in Combination",17198000,"Third",13.8
"568",2014,"Black Alone or in Combination",17198000,"Fourth",22.9
"569",2014,"Black Alone or in Combination",17198000,"Highest",52.9
"570",2014,"Black Alone or in Combination",17198000,"Top 5%",22.6
"571",2013,"Black Alone or in Combination",16723000,"Lowest",2.6
"572",2013,"Black Alone or in Combination",16723000,"Second",7.8
"573",2013,"Black Alone or in Combination",16723000,"Third",13.8
"574",2013,"Black Alone or in Combination",16723000,"Fourth",22.5
"575",2013,"Black Alone or in Combination",16723000,"Highest",53.3
"576",2013,"Black Alone or in Combination",16723000,"Top 5%",23.1
"577",2012,"Black Alone or in Combination",16559000,"Lowest",2.8
"578",2012,"Black Alone or in Combination",16559000,"Second",7.8
"579",2012,"Black Alone or in Combination",16559000,"Third",14.1
"580",2012,"Black Alone or in Combination",16559000,"Fourth",23.5
"581",2012,"Black Alone or in Combination",16559000,"Highest",51.9
"582",2012,"Black Alone or in Combination",16559000,"Top 5%",21.5
"583",2011,"Black Alone or in Combination",16165000,"Lowest",2.6
"584",2011,"Black Alone or in Combination",16165000,"Second",7.5
"585",2011,"Black Alone or in Combination",16165000,"Third",13.7
"586",2011,"Black Alone or in Combination",16165000,"Fourth",23.3
"587",2011,"Black Alone or in Combination",16165000,"Highest",52.9
"588",2011,"Black Alone or in Combination",16165000,"Top 5%",22.8
"589",2010,"Black Alone or in Combination",15909000,"Lowest",2.6
"590",2010,"Black Alone or in Combination",15909000,"Second",7.8
"591",2010,"Black Alone or in Combination",15909000,"Third",14.2
"592",2010,"Black Alone or in Combination",15909000,"Fourth",23.6
"593",2010,"Black Alone or in Combination",15909000,"Highest",51.7
"594",2010,"Black Alone or in Combination",15909000,"Top 5%",21.5
"595",2009,"Black Alone or in Combination",15212000,"Lowest",2.9
"596",2009,"Black Alone or in Combination",15212000,"Second",8.2
"597",2009,"Black Alone or in Combination",15212000,"Third",14.3
"598",2009,"Black Alone or in Combination",15212000,"Fourth",23.5
"599",2009,"Black Alone or in Combination",15212000,"Highest",51.1
"600",2009,"Black Alone or in Combination",15212000,"Top 5%",21.5
"601",2008,"Black Alone or in Combination",15056000,"Lowest",3
"602",2008,"Black Alone or in Combination",15056000,"Second",8.4
"603",2008,"Black Alone or in Combination",15056000,"Third",14.6
"604",2008,"Black Alone or in Combination",15056000,"Fourth",23.5
"605",2008,"Black Alone or in Combination",15056000,"Highest",50.5
"606",2008,"Black Alone or in Combination",15056000,"Top 5%",20.6
"607",2007,"Black Alone or in Combination",14976000,"Lowest",2.8
"608",2007,"Black Alone or in Combination",14976000,"Second",8.1
"609",2007,"Black Alone or in Combination",14976000,"Third",14.5
"610",2007,"Black Alone or in Combination",14976000,"Fourth",23.7
"611",2007,"Black Alone or in Combination",14976000,"Highest",50.8
"612",2007,"Black Alone or in Combination",14976000,"Top 5%",21.2
"613",2006,"Black Alone or in Combination",14709000,"Lowest",2.8
"614",2006,"Black Alone or in Combination",14709000,"Second",8.1
"615",2006,"Black Alone or in Combination",14709000,"Third",14.3
"616",2006,"Black Alone or in Combination",14709000,"Fourth",23.2
"617",2006,"Black Alone or in Combination",14709000,"Highest",51.6
"618",2006,"Black Alone or in Combination",14709000,"Top 5%",22.1
"619",2005,"Black Alone or in Combination",14399000,"Lowest",2.8
"620",2005,"Black Alone or in Combination",14399000,"Second",8
"621",2005,"Black Alone or in Combination",14399000,"Third",14.5
"622",2005,"Black Alone or in Combination",14399000,"Fourth",23.7
"623",2005,"Black Alone or in Combination",14399000,"Highest",51
"624",2005,"Black Alone or in Combination",14399000,"Top 5%",21.3
"625",2004,"Black Alone or in Combination",14151000,"Lowest",2.8
"626",2004,"Black Alone or in Combination",14151000,"Second",8.3
"627",2004,"Black Alone or in Combination",14151000,"Third",14.7
"628",2004,"Black Alone or in Combination",14151000,"Fourth",23.9
"629",2004,"Black Alone or in Combination",14151000,"Highest",50.4
"630",2004,"Black Alone or in Combination",14151000,"Top 5%",20.7
"631",2003,"Black Alone or in Combination",13969000,"Lowest",2.9
"632",2003,"Black Alone or in Combination",13969000,"Second",8.2
"633",2003,"Black Alone or in Combination",13969000,"Third",14.7
"634",2003,"Black Alone or in Combination",13969000,"Fourth",24
"635",2003,"Black Alone or in Combination",13969000,"Highest",50.2
"636",2003,"Black Alone or in Combination",13969000,"Top 5%",20.3
"637",2002,"Black Alone or in Combination",13778000,"Lowest",2.9
"638",2002,"Black Alone or in Combination",13778000,"Second",8.1
"639",2002,"Black Alone or in Combination",13778000,"Third",14.4
"640",2002,"Black Alone or in Combination",13778000,"Fourth",23.2
"641",2002,"Black Alone or in Combination",13778000,"Highest",51.3
"642",2002,"Black Alone or in Combination",13778000,"Top 5%",21.9
"643",2019,"Black Alone",17054000,"Lowest",2.6
"644",2019,"Black Alone",17054000,"Second",7.7
"645",2019,"Black Alone",17054000,"Third",13.6
"646",2019,"Black Alone",17054000,"Fourth",22.7
"647",2019,"Black Alone",17054000,"Highest",53.4
"648",2019,"Black Alone",17054000,"Top 5%",23.7
"649",2018,"Black Alone",17167000,"Lowest",2.6
"650",2018,"Black Alone",17167000,"Second",7.9
"651",2018,"Black Alone",17167000,"Third",14.1
"652",2018,"Black Alone",17167000,"Fourth",23.3
"653",2018,"Black Alone",17167000,"Highest",52.1
"654",2018,"Black Alone",17167000,"Top 5%",21.3
"655",2017,"Black Alone",16997000,"Lowest",2.5
"656",2017,"Black Alone",16997000,"Second",7.7
"657",2017,"Black Alone",16997000,"Third",13.7
"658",2017,"Black Alone",16997000,"Fourth",23.1
"659",2017,"Black Alone",16997000,"Highest",52.9
"660",2017,"Black Alone",16997000,"Top 5%",22.9
"661",2016,"Black Alone",16733000,"Lowest",2.6
"662",2016,"Black Alone",16733000,"Second",7.7
"663",2016,"Black Alone",16733000,"Third",13.7
"664",2016,"Black Alone",16733000,"Fourth",22.8
"665",2016,"Black Alone",16733000,"Highest",53.4
"666",2016,"Black Alone",16733000,"Top 5%",24
"667",2015,"Black Alone",16539000,"Lowest",2.6
"668",2015,"Black Alone",16539000,"Second",7.6
"669",2015,"Black Alone",16539000,"Third",13.7
"670",2015,"Black Alone",16539000,"Fourth",23
"671",2015,"Black Alone",16539000,"Highest",53.2
"672",2015,"Black Alone",16539000,"Top 5%",23.3
"673",2014,"Black Alone",16437000,"Lowest",2.6
"674",2014,"Black Alone",16437000,"Second",7.8
"675",2014,"Black Alone",16437000,"Third",13.8
"676",2014,"Black Alone",16437000,"Fourth",22.9
"677",2014,"Black Alone",16437000,"Highest",52.9
"678",2014,"Black Alone",16437000,"Top 5%",22.5
"679",2013,"Black Alone",16009000,"Lowest",2.6
"680",2013,"Black Alone",16009000,"Second",7.8
"681",2013,"Black Alone",16009000,"Third",13.9
"682",2013,"Black Alone",16009000,"Fourth",22.9
"683",2013,"Black Alone",16009000,"Highest",52.8
"684",2013,"Black Alone",16009000,"Top 5%",22.3
"685",2012,"Black Alone",15872000,"Lowest",2.8
"686",2012,"Black Alone",15872000,"Second",7.8
"687",2012,"Black Alone",15872000,"Third",14.1
"688",2012,"Black Alone",15872000,"Fourth",23.5
"689",2012,"Black Alone",15872000,"Highest",51.9
"690",2012,"Black Alone",15872000,"Top 5%",21.7
"691",2011,"Black Alone",15583000,"Lowest",2.7
"692",2011,"Black Alone",15583000,"Second",7.5
"693",2011,"Black Alone",15583000,"Third",13.7
"694",2011,"Black Alone",15583000,"Fourth",23.2
"695",2011,"Black Alone",15583000,"Highest",52.9
"696",2011,"Black Alone",15583000,"Top 5%",22.8
"697",2010,"Black Alone",15265000,"Lowest",2.7
"698",2010,"Black Alone",15265000,"Second",7.9
"699",2010,"Black Alone",15265000,"Third",14.3
"700",2010,"Black Alone",15265000,"Fourth",23.8
"701",2010,"Black Alone",15265000,"Highest",51.3
"702",2010,"Black Alone",15265000,"Top 5%",21.1
"703",2009,"Black Alone",14730000,"Lowest",2.9
"704",2009,"Black Alone",14730000,"Second",8.2
"705",2009,"Black Alone",14730000,"Third",14.3
"706",2009,"Black Alone",14730000,"Fourth",23.5
"707",2009,"Black Alone",14730000,"Highest",51
"708",2009,"Black Alone",14730000,"Top 5%",21.5
"709",2008,"Black Alone",14595000,"Lowest",3
"710",2008,"Black Alone",14595000,"Second",8.4
"711",2008,"Black Alone",14595000,"Third",14.6
"712",2008,"Black Alone",14595000,"Fourth",23.5
"713",2008,"Black Alone",14595000,"Highest",50.6
"714",2008,"Black Alone",14595000,"Top 5%",20.7
"715",2007,"Black Alone",14551000,"Lowest",2.8
"716",2007,"Black Alone",14551000,"Second",8.1
"717",2007,"Black Alone",14551000,"Third",14.6
"718",2007,"Black Alone",14551000,"Fourth",23.7
"719",2007,"Black Alone",14551000,"Highest",50.8
"720",2007,"Black Alone",14551000,"Top 5%",21.2
"721",2006,"Black Alone",14354000,"Lowest",2.8
"722",2006,"Black Alone",14354000,"Second",8.1
"723",2006,"Black Alone",14354000,"Third",14.3
"724",2006,"Black Alone",14354000,"Fourth",23.3
"725",2006,"Black Alone",14354000,"Highest",51.5
"726",2006,"Black Alone",14354000,"Top 5%",22
"727",2005,"Black Alone",14002000,"Lowest",2.8
"728",2005,"Black Alone",14002000,"Second",8
"729",2005,"Black Alone",14002000,"Third",14.5
"730",2005,"Black Alone",14002000,"Fourth",23.7
"731",2005,"Black Alone",14002000,"Highest",50.9
"732",2005,"Black Alone",14002000,"Top 5%",21.2
"733",2004,"Black Alone",13809000,"Lowest",2.8
"734",2004,"Black Alone",13809000,"Second",8.3
"735",2004,"Black Alone",13809000,"Third",14.6
"736",2004,"Black Alone",13809000,"Fourth",23.8
"737",2004,"Black Alone",13809000,"Highest",50.5
"738",2004,"Black Alone",13809000,"Top 5%",20.9
"739",2003,"Black Alone",13629000,"Lowest",2.9
"740",2003,"Black Alone",13629000,"Second",8.2
"741",2003,"Black Alone",13629000,"Third",14.7
"742",2003,"Black Alone",13629000,"Fourth",24
"743",2003,"Black Alone",13629000,"Highest",50.2
"744",2003,"Black Alone",13629000,"Top 5%",20.2
"745",2002,"Black Alone",13465000,"Lowest",2.9
"746",2002,"Black Alone",13465000,"Second",8.2
"747",2002,"Black Alone",13465000,"Third",14.5
"748",2002,"Black Alone",13465000,"Fourth",23.3
"749",2002,"Black Alone",13465000,"Highest",51.1
"750",2002,"Black Alone",13465000,"Top 5%",21.6
"751",2001,"Black Alone",13315000,"Lowest",3
"752",2001,"Black Alone",13315000,"Second",8.6
"753",2001,"Black Alone",13315000,"Third",15
"754",2001,"Black Alone",13315000,"Fourth",24.2
"755",2001,"Black Alone",13315000,"Highest",49.2
"756",2001,"Black Alone",13315000,"Top 5%",19.8
"757",2000,"Black Alone",13174000,"Lowest",3.2
"758",2000,"Black Alone",13174000,"Second",8.7
"759",2000,"Black Alone",13174000,"Third",15.1
"760",2000,"Black Alone",13174000,"Fourth",24
"761",2000,"Black Alone",13174000,"Highest",49
"762",2000,"Black Alone",13174000,"Top 5%",19.6
"763",1999,"Black Alone",12838000,"Lowest",3.1
"764",1999,"Black Alone",12838000,"Second",8.2
"765",1999,"Black Alone",12838000,"Third",14.6
"766",1999,"Black Alone",12838000,"Fourth",24
"767",1999,"Black Alone",12838000,"Highest",50
"768",1999,"Black Alone",12838000,"Top 5%",20
"769",1998,"Black Alone",12579000,"Lowest",3.1
"770",1998,"Black Alone",12579000,"Second",8.2
"771",1998,"Black Alone",12579000,"Third",14.8
"772",1998,"Black Alone",12579000,"Fourth",24.4
"773",1998,"Black Alone",12579000,"Highest",49.5
"774",1998,"Black Alone",12579000,"Top 5%",19.1
"775",1997,"Black Alone",12474000,"Lowest",3.2
"776",1997,"Black Alone",12474000,"Second",8.5
"777",1997,"Black Alone",12474000,"Third",15.1
"778",1997,"Black Alone",12474000,"Fourth",24.5
"779",1997,"Black Alone",12474000,"Highest",48.7
"780",1997,"Black Alone",12474000,"Top 5%",19.1
"781",1996,"Black Alone",12109000,"Lowest",3.1
"782",1996,"Black Alone",12109000,"Second",8
"783",1996,"Black Alone",12109000,"Third",14.5
"784",1996,"Black Alone",12109000,"Fourth",23.7
"785",1996,"Black Alone",12109000,"Highest",50.7
"786",1996,"Black Alone",12109000,"Top 5%",21.7
"787",1995,"Black Alone",11577000,"Lowest",3.2
"788",1995,"Black Alone",11577000,"Second",8.2
"789",1995,"Black Alone",11577000,"Third",14.8
"790",1995,"Black Alone",11577000,"Fourth",24.2
"791",1995,"Black Alone",11577000,"Highest",49.6
"792",1995,"Black Alone",11577000,"Top 5%",20.2
"793",1994,"Black Alone",11655000,"Lowest",3
"794",1994,"Black Alone",11655000,"Second",7.8
"795",1994,"Black Alone",11655000,"Third",14.3
"796",1994,"Black Alone",11655000,"Fourth",24.3
"797",1994,"Black Alone",11655000,"Highest",50.5
"798",1994,"Black Alone",11655000,"Top 5%",20.1
"799",1993,"Black Alone",11281000,"Lowest",3
"800",1993,"Black Alone",11281000,"Second",7.6
"801",1993,"Black Alone",11281000,"Third",14.3
"802",1993,"Black Alone",11281000,"Fourth",23.7
"803",1993,"Black Alone",11281000,"Highest",51.3
"804",1993,"Black Alone",11281000,"Top 5%",21
"805",1992,"Black Alone",11269000,"Lowest",3.1
"806",1992,"Black Alone",11269000,"Second",7.8
"807",1992,"Black Alone",11269000,"Third",14.7
"808",1992,"Black Alone",11269000,"Fourth",24.8
"809",1992,"Black Alone",11269000,"Highest",49.7
"810",1992,"Black Alone",11269000,"Top 5%",19.1
"811",1991,"Black Alone",11083000,"Lowest",3.1
"812",1991,"Black Alone",11083000,"Second",7.8
"813",1991,"Black Alone",11083000,"Third",15
"814",1991,"Black Alone",11083000,"Fourth",25.2
"815",1991,"Black Alone",11083000,"Highest",48.9
"816",1991,"Black Alone",11083000,"Top 5%",18.3
"817",1990,"Black Alone",10671000,"Lowest",3.1
"818",1990,"Black Alone",10671000,"Second",7.9
"819",1990,"Black Alone",10671000,"Third",15
"820",1990,"Black Alone",10671000,"Fourth",25.1
"821",1990,"Black Alone",10671000,"Highest",49
"822",1990,"Black Alone",10671000,"Top 5%",18.5
"823",1989,"Black Alone",10486000,"Lowest",3.2
"824",1989,"Black Alone",10486000,"Second",8
"825",1989,"Black Alone",10486000,"Third",15
"826",1989,"Black Alone",10486000,"Fourth",24.9
"827",1989,"Black Alone",10486000,"Highest",48.9
"828",1989,"Black Alone",10486000,"Top 5%",18.2
"829",1988,"Black Alone",10561000,"Lowest",3.3
"830",1988,"Black Alone",10561000,"Second",7.7
"831",1988,"Black Alone",10561000,"Third",14.6
"832",1988,"Black Alone",10561000,"Fourth",24.7
"833",1988,"Black Alone",10561000,"Highest",49.7
"834",1988,"Black Alone",10561000,"Top 5%",18.7
"835",1987,"Black Alone",10192000,"Lowest",3.2
"836",1987,"Black Alone",10192000,"Second",7.9
"837",1987,"Black Alone",10192000,"Third",14.8
"838",1987,"Black Alone",10192000,"Fourth",24.4
"839",1987,"Black Alone",10192000,"Highest",49.7
"840",1987,"Black Alone",10192000,"Top 5%",19.2
"841",1986,"Black Alone",9922000,"Lowest",3.1
"842",1986,"Black Alone",9922000,"Second",8
"843",1986,"Black Alone",9922000,"Third",14.9
"844",1986,"Black Alone",9922000,"Fourth",25
"845",1986,"Black Alone",9922000,"Highest",49
"846",1986,"Black Alone",9922000,"Top 5%",18.6
"847",1985,"Black Alone",9797000,"Lowest",3.5
"848",1985,"Black Alone",9797000,"Second",8.3
"849",1985,"Black Alone",9797000,"Third",15.2
"850",1985,"Black Alone",9797000,"Fourth",24.9
"851",1985,"Black Alone",9797000,"Highest",48
"852",1985,"Black Alone",9797000,"Top 5%",17.6
"853",1984,"Black Alone",9480000,"Lowest",3.6
"854",1984,"Black Alone",9480000,"Second",8.4
"855",1984,"Black Alone",9480000,"Third",15
"856",1984,"Black Alone",9480000,"Fourth",24.7
"857",1984,"Black Alone",9480000,"Highest",48.4
"858",1984,"Black Alone",9480000,"Top 5%",17.6
"859",1983,"Black Alone",9236000,"Lowest",3.5
"860",1983,"Black Alone",9236000,"Second",8.3
"861",1983,"Black Alone",9236000,"Third",15.1
"862",1983,"Black Alone",9236000,"Fourth",25.1
"863",1983,"Black Alone",9236000,"Highest",47.9
"864",1983,"Black Alone",9236000,"Top 5%",17.1
"865",1982,"Black Alone",8916000,"Lowest",3.6
"866",1982,"Black Alone",8916000,"Second",8.6
"867",1982,"Black Alone",8916000,"Third",15.3
"868",1982,"Black Alone",8916000,"Fourth",25.5
"869",1982,"Black Alone",8916000,"Highest",47.1
"870",1982,"Black Alone",8916000,"Top 5%",17.1
"871",1981,"Black Alone",8961000,"Lowest",3.7
"872",1981,"Black Alone",8961000,"Second",8.5
"873",1981,"Black Alone",8961000,"Third",15.2
"874",1981,"Black Alone",8961000,"Fourth",25.3
"875",1981,"Black Alone",8961000,"Highest",47.3
"876",1981,"Black Alone",8961000,"Top 5%",16.6
"877",1980,"Black Alone",8847000,"Lowest",3.7
"878",1980,"Black Alone",8847000,"Second",8.7
"879",1980,"Black Alone",8847000,"Third",15.3
"880",1980,"Black Alone",8847000,"Fourth",25.2
"881",1980,"Black Alone",8847000,"Highest",47.1
"882",1980,"Black Alone",8847000,"Top 5%",16.9
"883",1979,"Black Alone",8586000,"Lowest",3.8
"884",1979,"Black Alone",8586000,"Second",8.8
"885",1979,"Black Alone",8586000,"Third",15.5
"886",1979,"Black Alone",8586000,"Fourth",25.3
"887",1979,"Black Alone",8586000,"Highest",46.6
"888",1979,"Black Alone",8586000,"Top 5%",16.5
"889",1978,"Black Alone",8066000,"Lowest",3.9
"890",1978,"Black Alone",8066000,"Second",8.7
"891",1978,"Black Alone",8066000,"Third",15.6
"892",1978,"Black Alone",8066000,"Fourth",25.3
"893",1978,"Black Alone",8066000,"Highest",46.5
"894",1978,"Black Alone",8066000,"Top 5%",16.5
"895",1977,"Black Alone",7977000,"Lowest",4.2
"896",1977,"Black Alone",7977000,"Second",9.2
"897",1977,"Black Alone",7977000,"Third",15.5
"898",1977,"Black Alone",7977000,"Fourth",24.9
"899",1977,"Black Alone",7977000,"Highest",46.3
"900",1977,"Black Alone",7977000,"Top 5%",16.8
"901",1976,"Black Alone",7776000,"Lowest",4.2
"902",1976,"Black Alone",7776000,"Second",9.1
"903",1976,"Black Alone",7776000,"Third",15.7
"904",1976,"Black Alone",7776000,"Fourth",25.4
"905",1976,"Black Alone",7776000,"Highest",45.6
"906",1976,"Black Alone",7776000,"Top 5%",16.3
"907",1975,"Black Alone",7489000,"Lowest",4.1
"908",1975,"Black Alone",7489000,"Second",9
"909",1975,"Black Alone",7489000,"Third",16
"910",1975,"Black Alone",7489000,"Fourth",25.5
"911",1975,"Black Alone",7489000,"Highest",45.4
"912",1975,"Black Alone",7489000,"Top 5%",16
"913",1974,"Black Alone",7263000,"Lowest",4.2
"914",1974,"Black Alone",7263000,"Second",9.4
"915",1974,"Black Alone",7263000,"Third",16.1
"916",1974,"Black Alone",7263000,"Fourth",25.2
"917",1974,"Black Alone",7263000,"Highest",45.1
"918",1974,"Black Alone",7263000,"Top 5%",15.8
"919",1973,"Black Alone",7040000,"Lowest",4
"920",1973,"Black Alone",7040000,"Second",9.3
"921",1973,"Black Alone",7040000,"Third",16
"922",1973,"Black Alone",7040000,"Fourth",25.1
"923",1973,"Black Alone",7040000,"Highest",45.6
"924",1973,"Black Alone",7040000,"Top 5%",16.9
"925",1972,"Black Alone",6809000,"Lowest",3.9
"926",1972,"Black Alone",6809000,"Second",9.2
"927",1972,"Black Alone",6809000,"Third",15.8
"928",1972,"Black Alone",6809000,"Fourth",24.9
"929",1972,"Black Alone",6809000,"Highest",46.2
"930",1972,"Black Alone",6809000,"Top 5%",16.8
"931",1971,"Black Alone",6578000,"Lowest",4
"932",1971,"Black Alone",6578000,"Second",9.3
"933",1971,"Black Alone",6578000,"Third",16.1
"934",1971,"Black Alone",6578000,"Fourth",25.1
"935",1971,"Black Alone",6578000,"Highest",45.4
"936",1971,"Black Alone",6578000,"Top 5%",16.4
"937",1970,"Black Alone",6180000,"Lowest",3.7
"938",1970,"Black Alone",6180000,"Second",9.4
"939",1970,"Black Alone",6180000,"Third",16.3
"940",1970,"Black Alone",6180000,"Fourth",25.2
"941",1970,"Black Alone",6180000,"Highest",45.5
"942",1970,"Black Alone",6180000,"Top 5%",16.4
"943",1969,"Black Alone",6053000,"Lowest",3.9
"944",1969,"Black Alone",6053000,"Second",9.7
"945",1969,"Black Alone",6053000,"Third",16.5
"946",1969,"Black Alone",6053000,"Fourth",25.1
"947",1969,"Black Alone",6053000,"Highest",44.7
"948",1969,"Black Alone",6053000,"Top 5%",15.9
"949",1968,"Black Alone",5870000,"Lowest",4
"950",1968,"Black Alone",5870000,"Second",9.8
"951",1968,"Black Alone",5870000,"Third",16.3
"952",1968,"Black Alone",5870000,"Fourth",25.1
"953",1968,"Black Alone",5870000,"Highest",44.8
"954",1968,"Black Alone",5870000,"Top 5%",15.9
"955",1967,"Black Alone",5728000,"Lowest",3.8
"956",1967,"Black Alone",5728000,"Second",9.3
"957",1967,"Black Alone",5728000,"Third",15.9
"958",1967,"Black Alone",5728000,"Fourth",24.3
"959",1967,"Black Alone",5728000,"Highest",46.7
"960",1967,"Black Alone",5728000,"Top 5%",18.2
"961",2019,"Hispanic",17667000,"Lowest",3.6
"962",2019,"Hispanic",17667000,"Second",9.3
"963",2019,"Hispanic",17667000,"Third",15
"964",2019,"Hispanic",17667000,"Fourth",23.3
"965",2019,"Hispanic",17667000,"Highest",48.9
"966",2019,"Hispanic",17667000,"Top 5%",19.8
"967",2018,"Hispanic",17758000,"Lowest",3.5
"968",2018,"Hispanic",17758000,"Second",8.9
"969",2018,"Hispanic",17758000,"Third",14.5
"970",2018,"Hispanic",17758000,"Fourth",22.5
"971",2018,"Hispanic",17758000,"Highest",50.6
"972",2018,"Hispanic",17758000,"Top 5%",22.7
"973",2017,"Hispanic",17318000,"Lowest",3.5
"974",2017,"Hispanic",17318000,"Second",8.9
"975",2017,"Hispanic",17318000,"Third",14.8
"976",2017,"Hispanic",17318000,"Fourth",23.2
"977",2017,"Hispanic",17318000,"Highest",49.6
"978",2017,"Hispanic",17318000,"Top 5%",21.2
"979",2016,"Hispanic",16915000,"Lowest",3.5
"980",2016,"Hispanic",16915000,"Second",8.8
"981",2016,"Hispanic",16915000,"Third",14.4
"982",2016,"Hispanic",16915000,"Fourth",22.6
"983",2016,"Hispanic",16915000,"Highest",50.7
"984",2016,"Hispanic",16915000,"Top 5%",22.9
"985",2015,"Hispanic",16667000,"Lowest",3.4
"986",2015,"Hispanic",16667000,"Second",8.6
"987",2015,"Hispanic",16667000,"Third",14.1
"988",2015,"Hispanic",16667000,"Fourth",22.4
"989",2015,"Hispanic",16667000,"Highest",51.6
"990",2015,"Hispanic",16667000,"Top 5%",23.4
"991",2014,"Hispanic",16239000,"Lowest",3.6
"992",2014,"Hispanic",16239000,"Second",9
"993",2014,"Hispanic",16239000,"Third",14.9
"994",2014,"Hispanic",16239000,"Fourth",23.4
"995",2014,"Hispanic",16239000,"Highest",49.2
"996",2014,"Hispanic",16239000,"Top 5%",20.6
"997",2013,"Hispanic",16088000,"Lowest",3.4
"998",2013,"Hispanic",16088000,"Second",8.5
"999",2013,"Hispanic",16088000,"Third",13.8
"1000",2013,"Hispanic",16088000,"Fourth",22.5
"1001",2013,"Hispanic",16088000,"Highest",51.9
"1002",2013,"Hispanic",16088000,"Top 5%",22.9
"1003",2012,"Hispanic",15589000,"Lowest",3.4
"1004",2012,"Hispanic",15589000,"Second",8.9
"1005",2012,"Hispanic",15589000,"Third",14.6
"1006",2012,"Hispanic",15589000,"Fourth",23.1
"1007",2012,"Hispanic",15589000,"Highest",50
"1008",2012,"Hispanic",15589000,"Top 5%",21.3
"1009",2011,"Hispanic",14939000,"Lowest",3.5
"1010",2011,"Hispanic",14939000,"Second",9.1
"1011",2011,"Hispanic",14939000,"Third",14.7
"1012",2011,"Hispanic",14939000,"Fourth",22.9
"1013",2011,"Hispanic",14939000,"Highest",49.7
"1014",2011,"Hispanic",14939000,"Top 5%",20.8
"1015",2010,"Hispanic",14435000,"Lowest",3.5
"1016",2010,"Hispanic",14435000,"Second",9
"1017",2010,"Hispanic",14435000,"Third",14.7
"1018",2010,"Hispanic",14435000,"Fourth",23.4
"1019",2010,"Hispanic",14435000,"Highest",49.4
"1020",2010,"Hispanic",14435000,"Top 5%",20.6
"1021",2009,"Hispanic",13298000,"Lowest",3.7
"1022",2009,"Hispanic",13298000,"Second",9
"1023",2009,"Hispanic",13298000,"Third",14.7
"1024",2009,"Hispanic",13298000,"Fourth",23.1
"1025",2009,"Hispanic",13298000,"Highest",49.5
"1026",2009,"Hispanic",13298000,"Top 5%",20.9
"1027",2008,"Hispanic",13425000,"Lowest",3.7
"1028",2008,"Hispanic",13425000,"Second",9.2
"1029",2008,"Hispanic",13425000,"Third",14.7
"1030",2008,"Hispanic",13425000,"Fourth",23.2
"1031",2008,"Hispanic",13425000,"Highest",49.2
"1032",2008,"Hispanic",13425000,"Top 5%",20.3
"1033",2007,"Hispanic",13339000,"Lowest",3.9
"1034",2007,"Hispanic",13339000,"Second",9.5
"1035",2007,"Hispanic",13339000,"Third",15.2
"1036",2007,"Hispanic",13339000,"Fourth",23.5
"1037",2007,"Hispanic",13339000,"Highest",47.9
"1038",2007,"Hispanic",13339000,"Top 5%",19.9
"1039",2006,"Hispanic",12973000,"Lowest",3.8
"1040",2006,"Hispanic",12973000,"Second",9.3
"1041",2006,"Hispanic",12973000,"Third",15
"1042",2006,"Hispanic",12973000,"Fourth",22.9
"1043",2006,"Hispanic",12973000,"Highest",48.9
"1044",2006,"Hispanic",12973000,"Top 5%",20.7
"1045",2005,"Hispanic",12519000,"Lowest",3.9
"1046",2005,"Hispanic",12519000,"Second",9.5
"1047",2005,"Hispanic",12519000,"Third",15.2
"1048",2005,"Hispanic",12519000,"Fourth",23.3
"1049",2005,"Hispanic",12519000,"Highest",48.1
"1050",2005,"Hispanic",12519000,"Top 5%",19.8
"1051",2004,"Hispanic",12178000,"Lowest",3.8
"1052",2004,"Hispanic",12178000,"Second",9.3
"1053",2004,"Hispanic",12178000,"Third",14.9
"1054",2004,"Hispanic",12178000,"Fourth",22.9
"1055",2004,"Hispanic",12178000,"Highest",49.1
"1056",2004,"Hispanic",12178000,"Top 5%",21
"1057",2003,"Hispanic",11693000,"Lowest",3.9
"1058",2003,"Hispanic",11693000,"Second",9.4
"1059",2003,"Hispanic",11693000,"Third",15
"1060",2003,"Hispanic",11693000,"Fourth",23.1
"1061",2003,"Hispanic",11693000,"Highest",48.6
"1062",2003,"Hispanic",11693000,"Top 5%",20.4
"1063",2002,"Hispanic",11339000,"Lowest",3.9
"1064",2002,"Hispanic",11339000,"Second",9.4
"1065",2002,"Hispanic",11339000,"Third",14.8
"1066",2002,"Hispanic",11339000,"Fourth",22.9
"1067",2002,"Hispanic",11339000,"Highest",49
"1068",2002,"Hispanic",11339000,"Top 5%",21.4
"1069",2001,"Hispanic",10499000,"Lowest",4
"1070",2001,"Hispanic",10499000,"Second",9.4
"1071",2001,"Hispanic",10499000,"Third",15.2
"1072",2001,"Hispanic",10499000,"Fourth",23.2
"1073",2001,"Hispanic",10499000,"Highest",48.3
"1074",2001,"Hispanic",10499000,"Top 5%",20.5
"1075",2000,"Hispanic",10034000,"Lowest",4
"1076",2000,"Hispanic",10034000,"Second",9.4
"1077",2000,"Hispanic",10034000,"Third",15.1
"1078",2000,"Hispanic",10034000,"Fourth",22.9
"1079",2000,"Hispanic",10034000,"Highest",48.5
"1080",2000,"Hispanic",10034000,"Top 5%",21.6
"1081",1999,"Hispanic",9579000,"Lowest",4.1
"1082",1999,"Hispanic",9579000,"Second",9.5
"1083",1999,"Hispanic",9579000,"Third",15.2
"1084",1999,"Hispanic",9579000,"Fourth",23.4
"1085",1999,"Hispanic",9579000,"Highest",47.8
"1086",1999,"Hispanic",9579000,"Top 5%",19.9
"1087",1998,"Hispanic",9060000,"Lowest",3.6
"1088",1998,"Hispanic",9060000,"Second",8.9
"1089",1998,"Hispanic",9060000,"Third",14.8
"1090",1998,"Hispanic",9060000,"Fourth",22.9
"1091",1998,"Hispanic",9060000,"Highest",49.7
"1092",1998,"Hispanic",9060000,"Top 5%",21.9
"1093",1997,"Hispanic",8590000,"Lowest",3.6
"1094",1997,"Hispanic",8590000,"Second",8.9
"1095",1997,"Hispanic",8590000,"Third",14.9
"1096",1997,"Hispanic",8590000,"Fourth",23.1
"1097",1997,"Hispanic",8590000,"Highest",49.5
"1098",1997,"Hispanic",8590000,"Top 5%",21.5
"1099",1996,"Hispanic",8225000,"Lowest",3.8
"1100",1996,"Hispanic",8225000,"Second",8.9
"1101",1996,"Hispanic",8225000,"Third",14.7
"1102",1996,"Hispanic",8225000,"Fourth",23.1
"1103",1996,"Hispanic",8225000,"Highest",49.5
"1104",1996,"Hispanic",8225000,"Top 5%",21.5
"1105",1995,"Hispanic",7939000,"Lowest",3.8
"1106",1995,"Hispanic",7939000,"Second",8.9
"1107",1995,"Hispanic",7939000,"Third",14.8
"1108",1995,"Hispanic",7939000,"Fourth",23.3
"1109",1995,"Hispanic",7939000,"Highest",49.3
"1110",1995,"Hispanic",7939000,"Top 5%",20.8
"1111",1994,"Hispanic",7735000,"Lowest",3.7
"1112",1994,"Hispanic",7735000,"Second",8.7
"1113",1994,"Hispanic",7735000,"Third",14.8
"1114",1994,"Hispanic",7735000,"Fourth",23.2
"1115",1994,"Hispanic",7735000,"Highest",49.6
"1116",1994,"Hispanic",7735000,"Top 5%",21
"1117",1993,"Hispanic",7362000,"Lowest",3.9
"1118",1993,"Hispanic",7362000,"Second",9.1
"1119",1993,"Hispanic",7362000,"Third",15.1
"1120",1993,"Hispanic",7362000,"Fourth",23.1
"1121",1993,"Hispanic",7362000,"Highest",48.7
"1122",1993,"Hispanic",7362000,"Top 5%",20.4
"1123",1992,"Hispanic",7153000,"Lowest",3.9
"1124",1992,"Hispanic",7153000,"Second",9.4
"1125",1992,"Hispanic",7153000,"Third",15.7
"1126",1992,"Hispanic",7153000,"Fourth",24.1
"1127",1992,"Hispanic",7153000,"Highest",46.9
"1128",1992,"Hispanic",7153000,"Top 5%",18.1
"1129",1991,"Hispanic",6379000,"Lowest",4
"1130",1991,"Hispanic",6379000,"Second",9.4
"1131",1991,"Hispanic",6379000,"Third",15.8
"1132",1991,"Hispanic",6379000,"Fourth",24.3
"1133",1991,"Hispanic",6379000,"Highest",46.5
"1134",1991,"Hispanic",6379000,"Top 5%",17.7
"1135",1990,"Hispanic",6220000,"Lowest",4
"1136",1990,"Hispanic",6220000,"Second",9.5
"1137",1990,"Hispanic",6220000,"Third",15.9
"1138",1990,"Hispanic",6220000,"Fourth",24.3
"1139",1990,"Hispanic",6220000,"Highest",46.3
"1140",1990,"Hispanic",6220000,"Top 5%",17.9
"1141",1989,"Hispanic",5933000,"Lowest",3.8
"1142",1989,"Hispanic",5933000,"Second",9.5
"1143",1989,"Hispanic",5933000,"Third",15.7
"1144",1989,"Hispanic",5933000,"Fourth",24.4
"1145",1989,"Hispanic",5933000,"Highest",46.6
"1146",1989,"Hispanic",5933000,"Top 5%",18.1
"1147",1988,"Hispanic",5910000,"Lowest",3.7
"1148",1988,"Hispanic",5910000,"Second",9.3
"1149",1988,"Hispanic",5910000,"Third",15.6
"1150",1988,"Hispanic",5910000,"Fourth",24.2
"1151",1988,"Hispanic",5910000,"Highest",47.2
"1152",1988,"Hispanic",5910000,"Top 5%",19
"1153",1987,"Hispanic",5642000,"Lowest",3.7
"1154",1987,"Hispanic",5642000,"Second",9.1
"1155",1987,"Hispanic",5642000,"Third",15.4
"1156",1987,"Hispanic",5642000,"Fourth",24.1
"1157",1987,"Hispanic",5642000,"Highest",47.6
"1158",1987,"Hispanic",5642000,"Top 5%",19.2
"1159",1986,"Hispanic",5418000,"Lowest",3.9
"1160",1986,"Hispanic",5418000,"Second",9.5
"1161",1986,"Hispanic",5418000,"Third",15.8
"1162",1986,"Hispanic",5418000,"Fourth",24.8
"1163",1986,"Hispanic",5418000,"Highest",46.1
"1164",1986,"Hispanic",5418000,"Top 5%",16.9
"1165",1985,"Hispanic",5213000,"Lowest",4.1
"1166",1985,"Hispanic",5213000,"Second",9.4
"1167",1985,"Hispanic",5213000,"Third",16.1
"1168",1985,"Hispanic",5213000,"Fourth",24.7
"1169",1985,"Hispanic",5213000,"Highest",45.6
"1170",1985,"Hispanic",5213000,"Top 5%",16.6
"1171",1984,"Hispanic",4883000,"Lowest",3.9
"1172",1984,"Hispanic",4883000,"Second",9.5
"1173",1984,"Hispanic",4883000,"Third",16.2
"1174",1984,"Hispanic",4883000,"Fourth",24.9
"1175",1984,"Hispanic",4883000,"Highest",45.5
"1176",1984,"Hispanic",4883000,"Top 5%",16.9
"1177",1983,"Hispanic",4666000,"Lowest",4.1
"1178",1983,"Hispanic",4666000,"Second",9.6
"1179",1983,"Hispanic",4666000,"Third",16.3
"1180",1983,"Hispanic",4666000,"Fourth",24.8
"1181",1983,"Hispanic",4666000,"Highest",45.2
"1182",1983,"Hispanic",4666000,"Top 5%",16.3
"1183",1982,"Hispanic",4085000,"Lowest",4.2
"1184",1982,"Hispanic",4085000,"Second",9.6
"1185",1982,"Hispanic",4085000,"Third",16.1
"1186",1982,"Hispanic",4085000,"Fourth",24.6
"1187",1982,"Hispanic",4085000,"Highest",45.5
"1188",1982,"Hispanic",4085000,"Top 5%",17
"1189",1981,"Hispanic",3980000,"Lowest",4.4
"1190",1981,"Hispanic",3980000,"Second",10.2
"1191",1981,"Hispanic",3980000,"Third",16.6
"1192",1981,"Hispanic",3980000,"Fourth",24.7
"1193",1981,"Hispanic",3980000,"Highest",44
"1194",1981,"Hispanic",3980000,"Top 5%",15.9
"1195",1980,"Hispanic",3906000,"Lowest",4.3
"1196",1980,"Hispanic",3906000,"Second",10.1
"1197",1980,"Hispanic",3906000,"Third",16.3
"1198",1980,"Hispanic",3906000,"Fourth",24.7
"1199",1980,"Hispanic",3906000,"Highest",44.5
"1200",1980,"Hispanic",3906000,"Top 5%",16.5
"1201",1979,"Hispanic",3684000,"Lowest",4.5
"1202",1979,"Hispanic",3684000,"Second",10.5
"1203",1979,"Hispanic",3684000,"Third",16.6
"1204",1979,"Hispanic",3684000,"Fourth",24.5
"1205",1979,"Hispanic",3684000,"Highest",43.9
"1206",1979,"Hispanic",3684000,"Top 5%",16.3
"1207",1978,"Hispanic",3291000,"Lowest",4.7
"1208",1978,"Hispanic",3291000,"Second",10.7
"1209",1978,"Hispanic",3291000,"Third",16.9
"1210",1978,"Hispanic",3291000,"Fourth",24.9
"1211",1978,"Hispanic",3291000,"Highest",42.8
"1212",1978,"Hispanic",3291000,"Top 5%",15.5
"1213",1977,"Hispanic",3304000,"Lowest",4.9
"1214",1977,"Hispanic",3304000,"Second",10.7
"1215",1977,"Hispanic",3304000,"Third",16.9
"1216",1977,"Hispanic",3304000,"Fourth",24.6
"1217",1977,"Hispanic",3304000,"Highest",42.9
"1218",1977,"Hispanic",3304000,"Top 5%",15.6
"1219",1976,"Hispanic",3081000,"Lowest",4.7
"1220",1976,"Hispanic",3081000,"Second",10.4
"1221",1976,"Hispanic",3081000,"Third",16.8
"1222",1976,"Hispanic",3081000,"Fourth",25.1
"1223",1976,"Hispanic",3081000,"Highest",42.9
"1224",1976,"Hispanic",3081000,"Top 5%",15.4
"1225",1975,"Hispanic",2948000,"Lowest",4.7
"1226",1975,"Hispanic",2948000,"Second",10.6
"1227",1975,"Hispanic",2948000,"Third",16.8
"1228",1975,"Hispanic",2948000,"Fourth",24.8
"1229",1975,"Hispanic",2948000,"Highest",43.1
"1230",1975,"Hispanic",2948000,"Top 5%",16.1
"1231",1974,"Hispanic",2897000,"Lowest",5.1
"1232",1974,"Hispanic",2897000,"Second",10.9
"1233",1974,"Hispanic",2897000,"Third",17.1
"1234",1974,"Hispanic",2897000,"Fourth",24.7
"1235",1974,"Hispanic",2897000,"Highest",42.3
"1236",1974,"Hispanic",2897000,"Top 5%",15.4
"1237",1973,"Hispanic",2722000,"Lowest",5.1
"1238",1973,"Hispanic",2722000,"Second",11.3
"1239",1973,"Hispanic",2722000,"Third",17.3
"1240",1973,"Hispanic",2722000,"Fourth",24.9
"1241",1973,"Hispanic",2722000,"Highest",41.4
"1242",1973,"Hispanic",2722000,"Top 5%",14.7
"1243",1972,"Hispanic",2655000,"Lowest",5.3
"1244",1972,"Hispanic",2655000,"Second",11.2
"1245",1972,"Hispanic",2655000,"Third",17.2
"1246",1972,"Hispanic",2655000,"Fourth",24
"1247",1972,"Hispanic",2655000,"Highest",42.3
"1248",1972,"Hispanic",2655000,"Top 5%",16.2
"1249",2019,"White Alone",100568000,"Lowest",3.3
"1250",2019,"White Alone",100568000,"Second",8.6
"1251",2019,"White Alone",100568000,"Third",14.2
"1252",2019,"White Alone",100568000,"Fourth",22.6
"1253",2019,"White Alone",100568000,"Highest",51.2
"1254",2019,"White Alone",100568000,"Top 5%",22.7
"1255",2018,"White Alone",100528000,"Lowest",3.3
"1256",2018,"White Alone",100528000,"Second",8.6
"1257",2018,"White Alone",100528000,"Third",14.3
"1258",2018,"White Alone",100528000,"Fourth",22.4
"1259",2018,"White Alone",100528000,"Highest",51.4
"1260",2018,"White Alone",100528000,"Top 5%",23
"1261",2017,"White Alone",100065000,"Lowest",3.3
"1262",2017,"White Alone",100065000,"Second",8.5
"1263",2017,"White Alone",100065000,"Third",14.5
"1264",2017,"White Alone",100065000,"Fourth",23
"1265",2017,"White Alone",100065000,"Highest",50.6
"1266",2017,"White Alone",100065000,"Top 5%",21.9
"1267",2016,"White Alone",99400000,"Lowest",3.4
"1268",2016,"White Alone",99400000,"Second",8.6
"1269",2016,"White Alone",99400000,"Third",14.4
"1270",2016,"White Alone",99400000,"Fourth",22.9
"1271",2016,"White Alone",99400000,"Highest",50.8
"1272",2016,"White Alone",99400000,"Top 5%",22.2
"1273",2015,"White Alone",99313000,"Lowest",3.4
"1274",2015,"White Alone",99313000,"Second",8.5
"1275",2015,"White Alone",99313000,"Third",14.6
"1276",2015,"White Alone",99313000,"Fourth",23.3
"1277",2015,"White Alone",99313000,"Highest",50.2
"1278",2015,"White Alone",99313000,"Top 5%",21.6
"1279",2014,"White Alone",98679000,"Lowest",3.3
"1280",2014,"White Alone",98679000,"Second",8.5
"1281",2014,"White Alone",98679000,"Third",14.5
"1282",2014,"White Alone",98679000,"Fourth",23.1
"1283",2014,"White Alone",98679000,"Highest",50.6
"1284",2014,"White Alone",98679000,"Top 5%",21.7
"1285",2013,"White Alone",98807000,"Lowest",3.3
"1286",2013,"White Alone",98807000,"Second",8.5
"1287",2013,"White Alone",98807000,"Third",14.6
"1288",2013,"White Alone",98807000,"Fourth",23
"1289",2013,"White Alone",98807000,"Highest",50.6
"1290",2013,"White Alone",98807000,"Top 5%",21.6
"1291",2012,"White Alone",97705000,"Lowest",3.5
"1292",2012,"White Alone",97705000,"Second",8.6
"1293",2012,"White Alone",97705000,"Third",14.5
"1294",2012,"White Alone",97705000,"Fourth",23
"1295",2012,"White Alone",97705000,"Highest",50.5
"1296",2012,"White Alone",97705000,"Top 5%",22.1
"1297",2011,"White Alone",96964000,"Lowest",3.5
"1298",2011,"White Alone",96964000,"Second",8.6
"1299",2011,"White Alone",96964000,"Third",14.5
"1300",2011,"White Alone",96964000,"Fourth",22.9
"1301",2011,"White Alone",96964000,"Highest",50.5
"1302",2011,"White Alone",96964000,"Top 5%",22.1
"1303",2010,"White Alone",96306000,"Lowest",3.5
"1304",2010,"White Alone",96306000,"Second",8.7
"1305",2010,"White Alone",96306000,"Third",14.7
"1306",2010,"White Alone",96306000,"Fourth",23.3
"1307",2010,"White Alone",96306000,"Highest",49.7
"1308",2010,"White Alone",96306000,"Top 5%",21.1
"1309",2009,"White Alone",95489000,"Lowest",3.7
"1310",2009,"White Alone",95489000,"Second",8.9
"1311",2009,"White Alone",95489000,"Third",14.8
"1312",2009,"White Alone",95489000,"Fourth",23.2
"1313",2009,"White Alone",95489000,"Highest",49.5
"1314",2009,"White Alone",95489000,"Top 5%",21.3
"1315",2008,"White Alone",95297000,"Lowest",3.6
"1316",2008,"White Alone",95297000,"Second",8.8
"1317",2008,"White Alone",95297000,"Third",14.8
"1318",2008,"White Alone",95297000,"Fourth",23.3
"1319",2008,"White Alone",95297000,"Highest",49.4
"1320",2008,"White Alone",95297000,"Top 5%",21.3
"1321",2007,"White Alone",95112000,"Lowest",3.7
"1322",2007,"White Alone",95112000,"Second",8.9
"1323",2007,"White Alone",95112000,"Third",14.9
"1324",2007,"White Alone",95112000,"Fourth",23.3
"1325",2007,"White Alone",95112000,"Highest",49.2
"1326",2007,"White Alone",95112000,"Top 5%",21
"1327",2006,"White Alone",94705000,"Lowest",3.7
"1328",2006,"White Alone",94705000,"Second",8.9
"1329",2006,"White Alone",94705000,"Third",14.6
"1330",2006,"White Alone",94705000,"Fourth",22.9
"1331",2006,"White Alone",94705000,"Highest",49.9
"1332",2006,"White Alone",94705000,"Top 5%",22
"1333",2005,"White Alone",93588000,"Lowest",3.6
"1334",2005,"White Alone",93588000,"Second",8.9
"1335",2005,"White Alone",93588000,"Third",14.7
"1336",2005,"White Alone",93588000,"Fourth",22.9
"1337",2005,"White Alone",93588000,"Highest",49.9
"1338",2005,"White Alone",93588000,"Top 5%",22.1
"1339",2004,"White Alone",92880000,"Lowest",3.6
"1340",2004,"White Alone",92880000,"Second",8.8
"1341",2004,"White Alone",92880000,"Third",14.8
"1342",2004,"White Alone",92880000,"Fourth",23.1
"1343",2004,"White Alone",92880000,"Highest",49.6
"1344",2004,"White Alone",92880000,"Top 5%",21.6
"1345",2003,"White Alone",91962000,"Lowest",3.6
"1346",2003,"White Alone",91962000,"Second",8.9
"1347",2003,"White Alone",91962000,"Third",14.8
"1348",2003,"White Alone",91962000,"Fourth",23.2
"1349",2003,"White Alone",91962000,"Highest",49.4
"1350",2003,"White Alone",91962000,"Top 5%",21.4
"1351",2002,"White Alone",91645000,"Lowest",3.7
"1352",2002,"White Alone",91645000,"Second",9
"1353",2002,"White Alone",91645000,"Third",15
"1354",2002,"White Alone",91645000,"Fourth",23.2
"1355",2002,"White Alone",91645000,"Highest",49.2
"1356",2002,"White Alone",91645000,"Top 5%",21.5
"1357",2001,"White Alone",90682000,"Lowest",3.7
"1358",2001,"White Alone",90682000,"Second",8.9
"1359",2001,"White Alone",90682000,"Third",14.7
"1360",2001,"White Alone",90682000,"Fourth",22.9
"1361",2001,"White Alone",90682000,"Highest",49.8
"1362",2001,"White Alone",90682000,"Top 5%",22.2
"1363",2000,"White Alone",90030000,"Lowest",3.7
"1364",2000,"White Alone",90030000,"Second",9
"1365",2000,"White Alone",90030000,"Third",14.9
"1366",2000,"White Alone",90030000,"Fourth",22.9
"1367",2000,"White Alone",90030000,"Highest",49.5
"1368",2000,"White Alone",90030000,"Top 5%",22.1
"1369",1999,"White Alone",88893000,"Lowest",3.9
"1370",1999,"White Alone",88893000,"Second",9.1
"1371",1999,"White Alone",88893000,"Third",15
"1372",1999,"White Alone",88893000,"Fourth",23.1
"1373",1999,"White Alone",88893000,"Highest",49
"1374",1999,"White Alone",88893000,"Top 5%",21.5
"1375",1998,"White Alone",87212000,"Lowest",3.8
"1376",1998,"White Alone",87212000,"Second",9.2
"1377",1998,"White Alone",87212000,"Third",15.1
"1378",1998,"White Alone",87212000,"Fourth",23
"1379",1998,"White Alone",87212000,"Highest",48.8
"1380",1998,"White Alone",87212000,"Top 5%",21.5
"1381",1997,"White Alone",86106000,"Lowest",3.8
"1382",1997,"White Alone",86106000,"Second",9.1
"1383",1997,"White Alone",86106000,"Third",15
"1384",1997,"White Alone",86106000,"Fourth",23
"1385",1997,"White Alone",86106000,"Highest",49.1
"1386",1997,"White Alone",86106000,"Top 5%",21.7
"1387",1996,"White Alone",85059000,"Lowest",3.9
"1388",1996,"White Alone",85059000,"Second",9.2
"1389",1996,"White Alone",85059000,"Third",15.2
"1390",1996,"White Alone",85059000,"Fourth",23.2
"1391",1996,"White Alone",85059000,"Highest",48.4
"1392",1996,"White Alone",85059000,"Top 5%",21
"1393",1995,"White Alone",84511000,"Lowest",4
"1394",1995,"White Alone",84511000,"Second",9.3
"1395",1995,"White Alone",84511000,"Third",15.3
"1396",1995,"White Alone",84511000,"Fourth",23.3
"1397",1995,"White Alone",84511000,"Highest",48.1
"1398",1995,"White Alone",84511000,"Top 5%",20.7
"1399",1994,"White Alone",83737000,"Lowest",3.8
"1400",1994,"White Alone",83737000,"Second",9.2
"1401",1994,"White Alone",83737000,"Third",15.1
"1402",1994,"White Alone",83737000,"Fourth",23.2
"1403",1994,"White Alone",83737000,"Highest",48.6
"1404",1994,"White Alone",83737000,"Top 5%",21.1
"1405",1993,"White Alone",82387000,"Lowest",3.9
"1406",1993,"White Alone",82387000,"Second",9.3
"1407",1993,"White Alone",82387000,"Third",15.3
"1408",1993,"White Alone",82387000,"Fourth",23.3
"1409",1993,"White Alone",82387000,"Highest",48.2
"1410",1993,"White Alone",82387000,"Top 5%",20.7
"1411",1992,"White Alone",81795000,"Lowest",4.1
"1412",1992,"White Alone",81795000,"Second",9.7
"1413",1992,"White Alone",81795000,"Third",15.9
"1414",1992,"White Alone",81795000,"Fourth",24.1
"1415",1992,"White Alone",81795000,"Highest",46.2
"1416",1992,"White Alone",81795000,"Top 5%",18.3
"1417",1991,"White Alone",81675000,"Lowest",4.1
"1418",1991,"White Alone",81675000,"Second",9.9
"1419",1991,"White Alone",81675000,"Third",16
"1420",1991,"White Alone",81675000,"Fourth",24.1
"1421",1991,"White Alone",81675000,"Highest",45.8
"1422",1991,"White Alone",81675000,"Top 5%",17.9
"1423",1990,"White Alone",80968000,"Lowest",4.2
"1424",1990,"White Alone",80968000,"Second",10
"1425",1990,"White Alone",80968000,"Third",16
"1426",1990,"White Alone",80968000,"Fourth",23.9
"1427",1990,"White Alone",80968000,"Highest",46
"1428",1990,"White Alone",80968000,"Top 5%",18.3
"1429",1989,"White Alone",80163000,"Lowest",4.1
"1430",1989,"White Alone",80163000,"Second",9.8
"1431",1989,"White Alone",80163000,"Third",16
"1432",1989,"White Alone",80163000,"Fourth",23.8
"1433",1989,"White Alone",80163000,"Highest",46.3
"1434",1989,"White Alone",80163000,"Top 5%",18.7
"1435",1988,"White Alone",79734000,"Lowest",4.1
"1436",1988,"White Alone",79734000,"Second",10
"1437",1988,"White Alone",79734000,"Third",16.2
"1438",1988,"White Alone",79734000,"Fourth",24.1
"1439",1988,"White Alone",79734000,"Highest",45.6
"1440",1988,"White Alone",79734000,"Top 5%",18
"1441",1987,"White Alone",78519000,"Lowest",4.1
"1442",1987,"White Alone",78519000,"Second",10
"1443",1987,"White Alone",78519000,"Third",16.3
"1444",1987,"White Alone",78519000,"Fourth",24.2
"1445",1987,"White Alone",78519000,"Highest",45.5
"1446",1987,"White Alone",78519000,"Top 5%",17.9
"1447",1986,"White Alone",77284000,"Lowest",4.1
"1448",1986,"White Alone",77284000,"Second",10
"1449",1986,"White Alone",77284000,"Third",16.3
"1450",1986,"White Alone",77284000,"Fourth",24.2
"1451",1986,"White Alone",77284000,"Highest",45.4
"1452",1986,"White Alone",77284000,"Top 5%",17.8
"1453",1985,"White Alone",76576000,"Lowest",4.1
"1454",1985,"White Alone",76576000,"Second",10.1
"1455",1985,"White Alone",76576000,"Third",16.4
"1456",1985,"White Alone",76576000,"Fourth",24.3
"1457",1985,"White Alone",76576000,"Highest",45.1
"1458",1985,"White Alone",76576000,"Top 5%",17.4
"1459",1984,"White Alone",75328000,"Lowest",4.3
"1460",1984,"White Alone",75328000,"Second",10.2
"1461",1984,"White Alone",75328000,"Third",16.5
"1462",1984,"White Alone",75328000,"Fourth",24.4
"1463",1984,"White Alone",75328000,"Highest",44.6
"1464",1984,"White Alone",75328000,"Top 5%",16.8
"1465",1983,"White Alone",74376000,"Lowest",4.3
"1466",1983,"White Alone",74376000,"Second",10.3
"1467",1983,"White Alone",74376000,"Third",16.5
"1468",1983,"White Alone",74376000,"Fourth",24.4
"1469",1983,"White Alone",74376000,"Highest",44.5
"1470",1983,"White Alone",74376000,"Top 5%",16.8
"1471",1982,"White Alone",73182000,"Lowest",4.2
"1472",1982,"White Alone",73182000,"Second",10.3
"1473",1982,"White Alone",73182000,"Third",16.6
"1474",1982,"White Alone",73182000,"Fourth",24.4
"1475",1982,"White Alone",73182000,"Highest",44.4
"1476",1982,"White Alone",73182000,"Top 5%",16.7
"1477",1981,"White Alone",72845000,"Lowest",4.4
"1478",1981,"White Alone",72845000,"Second",10.4
"1479",1981,"White Alone",72845000,"Third",16.8
"1480",1981,"White Alone",72845000,"Fourth",24.7
"1481",1981,"White Alone",72845000,"Highest",43.7
"1482",1981,"White Alone",72845000,"Top 5%",16.3
"1483",1980,"White Alone",71872000,"Lowest",4.4
"1484",1980,"White Alone",71872000,"Second",10.5
"1485",1980,"White Alone",71872000,"Third",17
"1486",1980,"White Alone",71872000,"Fourth",24.6
"1487",1980,"White Alone",71872000,"Highest",43.5
"1488",1980,"White Alone",71872000,"Top 5%",16.2
"1489",1979,"White Alone",70766000,"Lowest",4.4
"1490",1979,"White Alone",70766000,"Second",10.5
"1491",1979,"White Alone",70766000,"Third",17
"1492",1979,"White Alone",70766000,"Fourth",24.5
"1493",1979,"White Alone",70766000,"Highest",43.7
"1494",1979,"White Alone",70766000,"Top 5%",16.7
"1495",1978,"White Alone",68028000,"Lowest",4.4
"1496",1978,"White Alone",68028000,"Second",10.5
"1497",1978,"White Alone",68028000,"Third",17
"1498",1978,"White Alone",68028000,"Fourth",24.5
"1499",1978,"White Alone",68028000,"Highest",43.6
"1500",1978,"White Alone",68028000,"Top 5%",16.6
"1501",1977,"White Alone",66934000,"Lowest",4.4
"1502",1977,"White Alone",66934000,"Second",10.5
"1503",1977,"White Alone",66934000,"Third",17
"1504",1977,"White Alone",66934000,"Fourth",24.6
"1505",1977,"White Alone",66934000,"Highest",43.5
"1506",1977,"White Alone",66934000,"Top 5%",16.7
"1507",1976,"White Alone",65353000,"Lowest",4.5
"1508",1976,"White Alone",65353000,"Second",10.6
"1509",1976,"White Alone",65353000,"Third",17.2
"1510",1976,"White Alone",65353000,"Fourth",24.5
"1511",1976,"White Alone",65353000,"Highest",43.2
"1512",1976,"White Alone",65353000,"Top 5%",16.5
"1513",1975,"White Alone",64392000,"Lowest",4.5
"1514",1975,"White Alone",64392000,"Second",10.7
"1515",1975,"White Alone",64392000,"Third",17.1
"1516",1975,"White Alone",64392000,"Fourth",24.6
"1517",1975,"White Alone",64392000,"Highest",43.2
"1518",1975,"White Alone",64392000,"Top 5%",16.4
"1519",1974,"White Alone",62984000,"Lowest",4.5
"1520",1974,"White Alone",62984000,"Second",10.9
"1521",1974,"White Alone",62984000,"Third",17.1
"1522",1974,"White Alone",62984000,"Fourth",24.4
"1523",1974,"White Alone",62984000,"Highest",43
"1524",1974,"White Alone",62984000,"Top 5%",16.4
"1525",1973,"White Alone",61965000,"Lowest",4.3
"1526",1973,"White Alone",61965000,"Second",10.7
"1527",1973,"White Alone",61965000,"Third",17.2
"1528",1973,"White Alone",61965000,"Fourth",24.4
"1529",1973,"White Alone",61965000,"Highest",43.4
"1530",1973,"White Alone",61965000,"Top 5%",16.7
"1531",1972,"White Alone",60618000,"Lowest",4.3
"1532",1972,"White Alone",60618000,"Second",10.8
"1533",1972,"White Alone",60618000,"Third",17.2
"1534",1972,"White Alone",60618000,"Fourth",24.3
"1535",1972,"White Alone",60618000,"Highest",43.4
"1536",1972,"White Alone",60618000,"Top 5%",16.8
"1537",1971,"White Alone",59463000,"Lowest",4.3
"1538",1971,"White Alone",59463000,"Second",11
"1539",1971,"White Alone",59463000,"Third",17.4
"1540",1971,"White Alone",59463000,"Fourth",24.4
"1541",1971,"White Alone",59463000,"Highest",43
"1542",1971,"White Alone",59463000,"Top 5%",16.5
"1543",1970,"White Alone",57575000,"Lowest",4.2
"1544",1970,"White Alone",57575000,"Second",11.1
"1545",1970,"White Alone",57575000,"Third",17.5
"1546",1970,"White Alone",57575000,"Fourth",24.3
"1547",1970,"White Alone",57575000,"Highest",42.9
"1548",1970,"White Alone",57575000,"Top 5%",16.5
"1549",1969,"White Alone",56248000,"Lowest",4.3
"1550",1969,"White Alone",56248000,"Second",11.3
"1551",1969,"White Alone",56248000,"Third",17.6
"1552",1969,"White Alone",56248000,"Fourth",24.3
"1553",1969,"White Alone",56248000,"Highest",42.5
"1554",1969,"White Alone",56248000,"Top 5%",16.4
"1555",1968,"White Alone",55394000,"Lowest",4.4
"1556",1968,"White Alone",55394000,"Second",11.5
"1557",1968,"White Alone",55394000,"Third",17.7
"1558",1968,"White Alone",55394000,"Fourth",24.3
"1559",1968,"White Alone",55394000,"Highest",42.1
"1560",1968,"White Alone",55394000,"Top 5%",16.2
"1561",1967,"White Alone",54188000,"Lowest",4.1
"1562",1967,"White Alone",54188000,"Second",11.3
"1563",1967,"White Alone",54188000,"Third",17.4
"1564",1967,"White Alone",54188000,"Fourth",24.1
"1565",1967,"White Alone",54188000,"Highest",43.1
"1566",1967,"White Alone",54188000,"Top 5%",17
"1567",2019,"White, Not Hispanic",84868000,"Lowest",3.3
"1568",2019,"White, Not Hispanic",84868000,"Second",8.6
"1569",2019,"White, Not Hispanic",84868000,"Third",14.3
"1570",2019,"White, Not Hispanic",84868000,"Fourth",22.6
"1571",2019,"White, Not Hispanic",84868000,"Highest",51.2
"1572",2019,"White, Not Hispanic",84868000,"Top 5%",22.8
"1573",2018,"White, Not Hispanic",84727000,"Lowest",3.3
"1574",2018,"White, Not Hispanic",84727000,"Second",8.6
"1575",2018,"White, Not Hispanic",84727000,"Third",14.4
"1576",2018,"White, Not Hispanic",84727000,"Fourth",22.5
"1577",2018,"White, Not Hispanic",84727000,"Highest",51.1
"1578",2018,"White, Not Hispanic",84727000,"Top 5%",22.7
"1579",2017,"White, Not Hispanic",84681000,"Lowest",3.3
"1580",2017,"White, Not Hispanic",84681000,"Second",8.5
"1581",2017,"White, Not Hispanic",84681000,"Third",14.6
"1582",2017,"White, Not Hispanic",84681000,"Fourth",23.1
"1583",2017,"White, Not Hispanic",84681000,"Highest",50.4
"1584",2017,"White, Not Hispanic",84681000,"Top 5%",21.8
"1585",2016,"White, Not Hispanic",84387000,"Lowest",3.4
"1586",2016,"White, Not Hispanic",84387000,"Second",8.6
"1587",2016,"White, Not Hispanic",84387000,"Third",14.5
"1588",2016,"White, Not Hispanic",84387000,"Fourth",23
"1589",2016,"White, Not Hispanic",84387000,"Highest",50.4
"1590",2016,"White, Not Hispanic",84387000,"Top 5%",21.8
"1591",2015,"White, Not Hispanic",84445000,"Lowest",3.5
"1592",2015,"White, Not Hispanic",84445000,"Second",8.6
"1593",2015,"White, Not Hispanic",84445000,"Third",14.8
"1594",2015,"White, Not Hispanic",84445000,"Fourth",23.4
"1595",2015,"White, Not Hispanic",84445000,"Highest",49.7
"1596",2015,"White, Not Hispanic",84445000,"Top 5%",21.3
"1597",2014,"White, Not Hispanic",84228000,"Lowest",3.3
"1598",2014,"White, Not Hispanic",84228000,"Second",8.5
"1599",2014,"White, Not Hispanic",84228000,"Third",14.6
"1600",2014,"White, Not Hispanic",84228000,"Fourth",23.2
"1601",2014,"White, Not Hispanic",84228000,"Highest",50.3
"1602",2014,"White, Not Hispanic",84228000,"Top 5%",21.5
"1603",2013,"White, Not Hispanic",84432000,"Lowest",3.4
"1604",2013,"White, Not Hispanic",84432000,"Second",8.7
"1605",2013,"White, Not Hispanic",84432000,"Third",14.8
"1606",2013,"White, Not Hispanic",84432000,"Fourth",23.1
"1607",2013,"White, Not Hispanic",84432000,"Highest",50.1
"1608",2013,"White, Not Hispanic",84432000,"Top 5%",21.3
"1609",2012,"White, Not Hispanic",83792000,"Lowest",3.5
"1610",2012,"White, Not Hispanic",83792000,"Second",8.7
"1611",2012,"White, Not Hispanic",83792000,"Third",14.7
"1612",2012,"White, Not Hispanic",83792000,"Fourth",23
"1613",2012,"White, Not Hispanic",83792000,"Highest",50.2
"1614",2012,"White, Not Hispanic",83792000,"Top 5%",22
"1615",2011,"White, Not Hispanic",83573000,"Lowest",3.5
"1616",2011,"White, Not Hispanic",83573000,"Second",8.7
"1617",2011,"White, Not Hispanic",83573000,"Third",14.6
"1618",2011,"White, Not Hispanic",83573000,"Fourth",22.9
"1619",2011,"White, Not Hispanic",83573000,"Highest",50.2
"1620",2011,"White, Not Hispanic",83573000,"Top 5%",22
"1621",2010,"White, Not Hispanic",83314000,"Lowest",3.6
"1622",2010,"White, Not Hispanic",83314000,"Second",8.8
"1623",2010,"White, Not Hispanic",83314000,"Third",14.9
"1624",2010,"White, Not Hispanic",83314000,"Fourth",23.4
"1625",2010,"White, Not Hispanic",83314000,"Highest",49.4
"1626",2010,"White, Not Hispanic",83314000,"Top 5%",21
"1627",2009,"White, Not Hispanic",83158000,"Lowest",3.7
"1628",2009,"White, Not Hispanic",83158000,"Second",9
"1629",2009,"White, Not Hispanic",83158000,"Third",14.9
"1630",2009,"White, Not Hispanic",83158000,"Fourth",23.2
"1631",2009,"White, Not Hispanic",83158000,"Highest",49.2
"1632",2009,"White, Not Hispanic",83158000,"Top 5%",21.2
"1633",2008,"White, Not Hispanic",82884000,"Lowest",3.7
"1634",2008,"White, Not Hispanic",82884000,"Second",8.9
"1635",2008,"White, Not Hispanic",82884000,"Third",15
"1636",2008,"White, Not Hispanic",82884000,"Fourth",23.2
"1637",2008,"White, Not Hispanic",82884000,"Highest",49.2
"1638",2008,"White, Not Hispanic",82884000,"Top 5%",21.2
"1639",2007,"White, Not Hispanic",82765000,"Lowest",3.7
"1640",2007,"White, Not Hispanic",82765000,"Second",9
"1641",2007,"White, Not Hispanic",82765000,"Third",15
"1642",2007,"White, Not Hispanic",82765000,"Fourth",23.4
"1643",2007,"White, Not Hispanic",82765000,"Highest",48.9
"1644",2007,"White, Not Hispanic",82765000,"Top 5%",20.9
"1645",2006,"White, Not Hispanic",82675000,"Lowest",3.7
"1646",2006,"White, Not Hispanic",82675000,"Second",8.9
"1647",2006,"White, Not Hispanic",82675000,"Third",14.8
"1648",2006,"White, Not Hispanic",82675000,"Fourth",23
"1649",2006,"White, Not Hispanic",82675000,"Highest",49.7
"1650",2006,"White, Not Hispanic",82675000,"Top 5%",22
"1651",2005,"White, Not Hispanic",82003000,"Lowest",3.6
"1652",2005,"White, Not Hispanic",82003000,"Second",8.9
"1653",2005,"White, Not Hispanic",82003000,"Third",14.8
"1654",2005,"White, Not Hispanic",82003000,"Fourth",22.9
"1655",2005,"White, Not Hispanic",82003000,"Highest",49.8
"1656",2005,"White, Not Hispanic",82003000,"Top 5%",22.1
"1657",2004,"White, Not Hispanic",81628000,"Lowest",3.6
"1658",2004,"White, Not Hispanic",81628000,"Second",8.9
"1659",2004,"White, Not Hispanic",81628000,"Third",15
"1660",2004,"White, Not Hispanic",81628000,"Fourth",23.1
"1661",2004,"White, Not Hispanic",81628000,"Highest",49.4
"1662",2004,"White, Not Hispanic",81628000,"Top 5%",21.6
"1663",2003,"White, Not Hispanic",81148000,"Lowest",3.6
"1664",2003,"White, Not Hispanic",81148000,"Second",9
"1665",2003,"White, Not Hispanic",81148000,"Third",15
"1666",2003,"White, Not Hispanic",81148000,"Fourth",23.3
"1667",2003,"White, Not Hispanic",81148000,"Highest",49.2
"1668",2003,"White, Not Hispanic",81148000,"Top 5%",21.3
"1669",2002,"White, Not Hispanic",81166000,"Lowest",3.7
"1670",2002,"White, Not Hispanic",81166000,"Second",9.1
"1671",2002,"White, Not Hispanic",81166000,"Third",15.1
"1672",2002,"White, Not Hispanic",81166000,"Fourth",23.3
"1673",2002,"White, Not Hispanic",81166000,"Highest",48.9
"1674",2002,"White, Not Hispanic",81166000,"Top 5%",21.3
"1675",2001,"White, Not Hispanic",80818000,"Lowest",3.7
"1676",2001,"White, Not Hispanic",80818000,"Second",8.9
"1677",2001,"White, Not Hispanic",80818000,"Third",14.8
"1678",2001,"White, Not Hispanic",80818000,"Fourth",22.9
"1679",2001,"White, Not Hispanic",80818000,"Highest",49.6
"1680",2001,"White, Not Hispanic",80818000,"Top 5%",22.2
"1681",2000,"White, Not Hispanic",80527000,"Lowest",3.7
"1682",2000,"White, Not Hispanic",80527000,"Second",9.1
"1683",2000,"White, Not Hispanic",80527000,"Third",15
"1684",2000,"White, Not Hispanic",80527000,"Fourth",22.9
"1685",2000,"White, Not Hispanic",80527000,"Highest",49.3
"1686",2000,"White, Not Hispanic",80527000,"Top 5%",21.9
"1687",1999,"White, Not Hispanic",79819000,"Lowest",3.9
"1688",1999,"White, Not Hispanic",79819000,"Second",9.2
"1689",1999,"White, Not Hispanic",79819000,"Third",15.1
"1690",1999,"White, Not Hispanic",79819000,"Fourth",23
"1691",1999,"White, Not Hispanic",79819000,"Highest",48.8
"1692",1999,"White, Not Hispanic",79819000,"Top 5%",21.4
"1693",1998,"White, Not Hispanic",78577000,"Lowest",3.9
"1694",1998,"White, Not Hispanic",78577000,"Second",9.3
"1695",1998,"White, Not Hispanic",78577000,"Third",15.3
"1696",1998,"White, Not Hispanic",78577000,"Fourth",23.1
"1697",1998,"White, Not Hispanic",78577000,"Highest",48.5
"1698",1998,"White, Not Hispanic",78577000,"Top 5%",21.3
"1699",1997,"White, Not Hispanic",77936000,"Lowest",3.8
"1700",1997,"White, Not Hispanic",77936000,"Second",9.2
"1701",1997,"White, Not Hispanic",77936000,"Third",15.2
"1702",1997,"White, Not Hispanic",77936000,"Fourth",23
"1703",1997,"White, Not Hispanic",77936000,"Highest",48.8
"1704",1997,"White, Not Hispanic",77936000,"Top 5%",21.5
"1705",1996,"White, Not Hispanic",77240000,"Lowest",3.9
"1706",1996,"White, Not Hispanic",77240000,"Second",9.4
"1707",1996,"White, Not Hispanic",77240000,"Third",15.4
"1708",1996,"White, Not Hispanic",77240000,"Fourth",23.2
"1709",1996,"White, Not Hispanic",77240000,"Highest",48.1
"1710",1996,"White, Not Hispanic",77240000,"Top 5%",20.9
"1711",1995,"White, Not Hispanic",76932000,"Lowest",4.1
"1712",1995,"White, Not Hispanic",76932000,"Second",9.5
"1713",1995,"White, Not Hispanic",76932000,"Third",15.4
"1714",1995,"White, Not Hispanic",76932000,"Fourth",23.2
"1715",1995,"White, Not Hispanic",76932000,"Highest",47.8
"1716",1995,"White, Not Hispanic",76932000,"Top 5%",20.5
"1717",1994,"White, Not Hispanic",77004000,"Lowest",3.9
"1718",1994,"White, Not Hispanic",77004000,"Second",9.3
"1719",1994,"White, Not Hispanic",77004000,"Third",15.2
"1720",1994,"White, Not Hispanic",77004000,"Fourth",23.2
"1721",1994,"White, Not Hispanic",77004000,"Highest",48.4
"1722",1994,"White, Not Hispanic",77004000,"Top 5%",21
"1723",1993,"White, Not Hispanic",75697000,"Lowest",3.9
"1724",1993,"White, Not Hispanic",75697000,"Second",9.4
"1725",1993,"White, Not Hispanic",75697000,"Third",15.4
"1726",1993,"White, Not Hispanic",75697000,"Fourth",23.3
"1727",1993,"White, Not Hispanic",75697000,"Highest",48
"1728",1993,"White, Not Hispanic",75697000,"Top 5%",20.6
"1729",1992,"White, Not Hispanic",75107000,"Lowest",4.1
"1730",1992,"White, Not Hispanic",75107000,"Second",9.8
"1731",1992,"White, Not Hispanic",75107000,"Third",16
"1732",1992,"White, Not Hispanic",75107000,"Fourth",24.1
"1733",1992,"White, Not Hispanic",75107000,"Highest",46
"1734",1992,"White, Not Hispanic",75107000,"Top 5%",18.2
"1735",1991,"White, Not Hispanic",75625000,"Lowest",4.2
"1736",1991,"White, Not Hispanic",75625000,"Second",10
"1737",1991,"White, Not Hispanic",75625000,"Third",16.1
"1738",1991,"White, Not Hispanic",75625000,"Fourth",24.1
"1739",1991,"White, Not Hispanic",75625000,"Highest",45.6
"1740",1991,"White, Not Hispanic",75625000,"Top 5%",17.8
"1741",1990,"White, Not Hispanic",75035000,"Lowest",4.2
"1742",1990,"White, Not Hispanic",75035000,"Second",10
"1743",1990,"White, Not Hispanic",75035000,"Third",16.1
"1744",1990,"White, Not Hispanic",75035000,"Fourth",23.9
"1745",1990,"White, Not Hispanic",75035000,"Highest",45.8
"1746",1990,"White, Not Hispanic",75035000,"Top 5%",18.3
"1747",1989,"White, Not Hispanic",74495000,"Lowest",4.2
"1748",1989,"White, Not Hispanic",74495000,"Second",9.9
"1749",1989,"White, Not Hispanic",74495000,"Third",16
"1750",1989,"White, Not Hispanic",74495000,"Fourth",23.8
"1751",1989,"White, Not Hispanic",74495000,"Highest",46.1
"1752",1989,"White, Not Hispanic",74495000,"Top 5%",18.7
"1753",1988,"White, Not Hispanic",74067000,"Lowest",4.2
"1754",1988,"White, Not Hispanic",74067000,"Second",10.1
"1755",1988,"White, Not Hispanic",74067000,"Third",16.3
"1756",1988,"White, Not Hispanic",74067000,"Fourth",24.1
"1757",1988,"White, Not Hispanic",74067000,"Highest",45.4
"1758",1988,"White, Not Hispanic",74067000,"Top 5%",17.9
"1759",1987,"White, Not Hispanic",73120000,"Lowest",4.2
"1760",1987,"White, Not Hispanic",73120000,"Second",10.1
"1761",1987,"White, Not Hispanic",73120000,"Third",16.4
"1762",1987,"White, Not Hispanic",73120000,"Fourth",24.1
"1763",1987,"White, Not Hispanic",73120000,"Highest",45.2
"1764",1987,"White, Not Hispanic",73120000,"Top 5%",17.8
"1765",1986,"White, Not Hispanic",72067000,"Lowest",4.1
"1766",1986,"White, Not Hispanic",72067000,"Second",10.1
"1767",1986,"White, Not Hispanic",72067000,"Third",16.4
"1768",1986,"White, Not Hispanic",72067000,"Fourth",24.2
"1769",1986,"White, Not Hispanic",72067000,"Highest",45.2
"1770",1986,"White, Not Hispanic",72067000,"Top 5%",17.8
"1771",1985,"White, Not Hispanic",71540000,"Lowest",4.2
"1772",1985,"White, Not Hispanic",71540000,"Second",10.2
"1773",1985,"White, Not Hispanic",71540000,"Third",16.4
"1774",1985,"White, Not Hispanic",71540000,"Fourth",24.3
"1775",1985,"White, Not Hispanic",71540000,"Highest",44.9
"1776",1985,"White, Not Hispanic",71540000,"Top 5%",17.3
"1777",1984,"White, Not Hispanic",70586000,"Lowest",4.3
"1778",1984,"White, Not Hispanic",70586000,"Second",10.3
"1779",1984,"White, Not Hispanic",70586000,"Third",16.6
"1780",1984,"White, Not Hispanic",70586000,"Fourth",24.4
"1781",1984,"White, Not Hispanic",70586000,"Highest",44.4
"1782",1984,"White, Not Hispanic",70586000,"Top 5%",16.7
"1783",1983,"White, Not Hispanic",69648000,"Lowest",4.3
"1784",1983,"White, Not Hispanic",69648000,"Second",10.3
"1785",1983,"White, Not Hispanic",69648000,"Third",16.6
"1786",1983,"White, Not Hispanic",69648000,"Fourth",24.4
"1787",1983,"White, Not Hispanic",69648000,"Highest",44.3
"1788",1983,"White, Not Hispanic",69648000,"Top 5%",16.8
"1789",1982,"White, Not Hispanic",69214000,"Lowest",4.3
"1790",1982,"White, Not Hispanic",69214000,"Second",10.4
"1791",1982,"White, Not Hispanic",69214000,"Third",16.7
"1792",1982,"White, Not Hispanic",69214000,"Fourth",24.4
"1793",1982,"White, Not Hispanic",69214000,"Highest",44.3
"1794",1982,"White, Not Hispanic",69214000,"Top 5%",16.7
"1795",1981,"White, Not Hispanic",68996000,"Lowest",4.4
"1796",1981,"White, Not Hispanic",68996000,"Second",10.4
"1797",1981,"White, Not Hispanic",68996000,"Third",16.9
"1798",1981,"White, Not Hispanic",68996000,"Fourth",24.6
"1799",1981,"White, Not Hispanic",68996000,"Highest",43.7
"1800",1981,"White, Not Hispanic",68996000,"Top 5%",16.2
"1801",1980,"White, Not Hispanic",68106000,"Lowest",4.4
"1802",1980,"White, Not Hispanic",68106000,"Second",10.6
"1803",1980,"White, Not Hispanic",68106000,"Third",17
"1804",1980,"White, Not Hispanic",68106000,"Fourth",24.6
"1805",1980,"White, Not Hispanic",68106000,"Highest",43.4
"1806",1980,"White, Not Hispanic",68106000,"Top 5%",16.2
"1807",1979,"White, Not Hispanic",67203000,"Lowest",4.4
"1808",1979,"White, Not Hispanic",67203000,"Second",10.6
"1809",1979,"White, Not Hispanic",67203000,"Third",17
"1810",1979,"White, Not Hispanic",67203000,"Fourth",24.5
"1811",1979,"White, Not Hispanic",67203000,"Highest",43.6
"1812",1979,"White, Not Hispanic",67203000,"Top 5%",16.6
"1813",1978,"White, Not Hispanic",64836000,"Lowest",4.4
"1814",1978,"White, Not Hispanic",64836000,"Second",10.5
"1815",1978,"White, Not Hispanic",64836000,"Third",17
"1816",1978,"White, Not Hispanic",64836000,"Fourth",24.5
"1817",1978,"White, Not Hispanic",64836000,"Highest",43.5
"1818",1978,"White, Not Hispanic",64836000,"Top 5%",16.6
"1819",1977,"White, Not Hispanic",63721000,"Lowest",4.4
"1820",1977,"White, Not Hispanic",63721000,"Second",10.6
"1821",1977,"White, Not Hispanic",63721000,"Third",17.1
"1822",1977,"White, Not Hispanic",63721000,"Fourth",24.6
"1823",1977,"White, Not Hispanic",63721000,"Highest",43.4
"1824",1977,"White, Not Hispanic",63721000,"Top 5%",16.7
"1825",1976,"White, Not Hispanic",62365000,"Lowest",4.5
"1826",1976,"White, Not Hispanic",62365000,"Second",10.7
"1827",1976,"White, Not Hispanic",62365000,"Third",17.2
"1828",1976,"White, Not Hispanic",62365000,"Fourth",24.5
"1829",1976,"White, Not Hispanic",62365000,"Highest",43.1
"1830",1976,"White, Not Hispanic",62365000,"Top 5%",16.5
"1831",1975,"White, Not Hispanic",61533000,"Lowest",4.5
"1832",1975,"White, Not Hispanic",61533000,"Second",10.7
"1833",1975,"White, Not Hispanic",61533000,"Third",17.2
"1834",1975,"White, Not Hispanic",61533000,"Fourth",24.5
"1835",1975,"White, Not Hispanic",61533000,"Highest",43
"1836",1975,"White, Not Hispanic",61533000,"Top 5%",16.4
"1837",1974,"White, Not Hispanic",60164000,"Lowest",4.5
"1838",1974,"White, Not Hispanic",60164000,"Second",10.9
"1839",1974,"White, Not Hispanic",60164000,"Third",17.2
"1840",1974,"White, Not Hispanic",60164000,"Fourth",24.4
"1841",1974,"White, Not Hispanic",60164000,"Highest",43
"1842",1974,"White, Not Hispanic",60164000,"Top 5%",16.3
"1843",1973,"White, Not Hispanic",59276000,"Lowest",4.3
"1844",1973,"White, Not Hispanic",59276000,"Second",10.8
"1845",1973,"White, Not Hispanic",59276000,"Third",17.2
"1846",1973,"White, Not Hispanic",59276000,"Fourth",24.4
"1847",1973,"White, Not Hispanic",59276000,"Highest",43.3
"1848",1973,"White, Not Hispanic",59276000,"Top 5%",16.7
"1849",1972,"White, Not Hispanic",58004000,"Lowest",4.2
"1850",1972,"White, Not Hispanic",58004000,"Second",10.8
"1851",1972,"White, Not Hispanic",58004000,"Third",17.3
"1852",1972,"White, Not Hispanic",58004000,"Fourth",24.3
"1853",1972,"White, Not Hispanic",58004000,"Highest",43.4
"1854",1972,"White, Not Hispanic",58004000,"Top 5%",16.8
